<?xml version="1.0" encoding="utf-8"?><gpx version="1.1" creator="MySchweizMobil - https://map.schweizmobil.ch/" xmlns:xsi="http://www.w3.org/2001/XMLSchema-instance" xmlns="http://www.topografix.com/GPX/1/1" xsi:schemaLocation="http://www.topografix.com/GPX/1/1 http://www.topografix.com/GPX/1/1/gpx.xsd"><metadata><name>72 Greifensee Skate</name><bounds minlat="47.318497916758055" minlon="8.640421928251207" maxlat="47.37993491572014" maxlon="8.71148492886872" /></metadata><trk><name>72 Greifensee Skate</name><trkseg><trkpt lat="47.36507891616871" lon="8.677851929370135"><ele>439.8</ele></trkpt><trkpt lat="47.36498891616944" lon="8.677875929370067"><ele>439.8</ele></trkpt><trkpt lat="47.364961916169634" lon="8.67788892936999"><ele>439.8</ele></trkpt><trkpt lat="47.36492591614858" lon="8.677927929351677"><ele>439.9</ele></trkpt><trkpt lat="47.36486191610639" lon="8.67799292931517"><ele>440.1</ele></trkpt><trkpt lat="47.36486191610639" lon="8.67799292931517"><ele>440.1</ele></trkpt><trkpt lat="47.36478891600021" lon="8.678096929224306"><ele>440.6</ele></trkpt><trkpt lat="47.36465091576645" lon="8.678318929024424"><ele>441.7</ele></trkpt><trkpt lat="47.36453291557519" lon="8.678500928860885"><ele>442.6</ele></trkpt><trkpt lat="47.36453291557519" lon="8.678500928860885"><ele>442.6</ele></trkpt><trkpt lat="47.364495915532814" lon="8.678566928824305"><ele>442.8</ele></trkpt><trkpt lat="47.364284915534625" lon="8.678918928821263"><ele>442.8</ele></trkpt><trkpt lat="47.364284915534625" lon="8.678918928821263"><ele>442.8</ele></trkpt><trkpt lat="47.36419291568499" lon="8.679154928945126"><ele>442.1</ele></trkpt><trkpt lat="47.36419291568499" lon="8.679154928945126"><ele>442.1</ele></trkpt><trkpt lat="47.36415591572801" lon="8.67922092898055"><ele>441.9</ele></trkpt><trkpt lat="47.364091915792635" lon="8.679311929033783"><ele>441.6</ele></trkpt><trkpt lat="47.36393691594344" lon="8.67951992915805"><ele>440.9</ele></trkpt><trkpt lat="47.36383591600842" lon="8.679662929210847"><ele>440.6</ele></trkpt><trkpt lat="47.363753916051834" lon="8.679819929245472"><ele>440.4</ele></trkpt><trkpt lat="47.36366191607401" lon="8.679976929262118"><ele>440.3</ele></trkpt><trkpt lat="47.36366191607401" lon="8.679976929262118"><ele>440.3</ele></trkpt><trkpt lat="47.363643916095455" lon="8.679949929280415"><ele>440.2</ele></trkpt><trkpt lat="47.36362591607424" lon="8.679949929262449"><ele>440.3</ele></trkpt><trkpt lat="47.36360791609574" lon="8.679948929280494"><ele>440.2</ele></trkpt><trkpt lat="47.363544916117625" lon="8.680000929298107"><ele>440.1</ele></trkpt><trkpt lat="47.36348991611809" lon="8.680065929297573"><ele>440.1</ele></trkpt><trkpt lat="47.3634629161183" lon="8.680091929297369"><ele>440.1</ele></trkpt><trkpt lat="47.3634629161183" lon="8.680091929297369"><ele>440.1</ele></trkpt><trkpt lat="47.36335291609788" lon="8.68026092927793"><ele>440.2</ele></trkpt><trkpt lat="47.363188916099276" lon="8.680481929276088"><ele>440.2</ele></trkpt><trkpt lat="47.363188916099276" lon="8.680481929276088"><ele>440.2</ele></trkpt><trkpt lat="47.36307891605746" lon="8.680651929238628"><ele>440.4</ele></trkpt><trkpt lat="47.36289691603766" lon="8.680898929218559"><ele>440.5</ele></trkpt><trkpt lat="47.36229391591464" lon="8.68171892910367"><ele>441.1</ele></trkpt><trkpt lat="47.36198391593861" lon="8.682148929118062"><ele>441.0</ele></trkpt><trkpt lat="47.361590916070064" lon="8.682682929221638"><ele>440.4</ele></trkpt><trkpt lat="47.361262916179626" lon="8.683111929308117"><ele>439.9</ele></trkpt><trkpt lat="47.36112591624486" lon="8.683306929360501"><ele>439.6</ele></trkpt><trkpt lat="47.36112591624486" lon="8.683306929360501"><ele>439.6</ele></trkpt><trkpt lat="47.36107091626666" lon="8.683371929377984"><ele>439.5</ele></trkpt><trkpt lat="47.360724916376334" lon="8.68377392946477"><ele>439.0</ele></trkpt><trkpt lat="47.36037791644326" lon="8.684202929515289"><ele>438.7</ele></trkpt><trkpt lat="47.36020491646606" lon="8.684410929531603"><ele>438.6</ele></trkpt><trkpt lat="47.36011391650952" lon="8.684501929566908"><ele>438.4</ele></trkpt><trkpt lat="47.35995991653214" lon="8.684656929583703"><ele>438.3</ele></trkpt><trkpt lat="47.359704916576916" lon="8.684888929617953"><ele>438.1</ele></trkpt><trkpt lat="47.35949591660003" lon="8.685082929634476"><ele>438.0</ele></trkpt><trkpt lat="47.359259916623294" lon="8.685275929651056"><ele>437.9</ele></trkpt><trkpt lat="47.359005916625364" lon="8.685467929649656"><ele>437.9</ele></trkpt><trkpt lat="47.358751916627426" lon="8.685660929648256"><ele>437.9</ele></trkpt><trkpt lat="47.35844391660859" lon="8.685865929628823"><ele>438.0</ele></trkpt><trkpt lat="47.35742891648881" lon="8.686543929516029"><ele>438.6</ele></trkpt><trkpt lat="47.357102916277995" lon="8.686773929334237"><ele>439.6</ele></trkpt><trkpt lat="47.35638691577161" lon="8.687246928898551"><ele>442.0</ele></trkpt><trkpt lat="47.35588891545555" lon="8.687579928625953"><ele>443.5</ele></trkpt><trkpt lat="47.35574391539273" lon="8.687681928571166"><ele>443.8</ele></trkpt><trkpt lat="47.35558991532997" lon="8.68778492851639"><ele>444.1</ele></trkpt><trkpt lat="47.35523591531159" lon="8.68808092849612"><ele>444.2</ele></trkpt><trkpt lat="47.35506291539837" lon="8.688235928566993"><ele>443.8</ele></trkpt><trkpt lat="47.35469091561488" lon="8.688610928744199"><ele>442.8</ele></trkpt><trkpt lat="47.35451791572304" lon="8.688764928833118"><ele>442.3</ele></trkpt><trkpt lat="47.35414591583281" lon="8.689073928920886"><ele>441.8</ele></trkpt><trkpt lat="47.353927915749296" lon="8.689254928847436"><ele>442.2</ele></trkpt><trkpt lat="47.35381891568613" lon="8.689344928792693"><ele>442.5</ele></trkpt><trkpt lat="47.35381891568613" lon="8.689344928792693"><ele>442.5</ele></trkpt><trkpt lat="47.353482915539566" lon="8.689614928664522"><ele>443.2</ele></trkpt><trkpt lat="47.352955915586676" lon="8.690105928696736"><ele>443.0</ele></trkpt><trkpt lat="47.35284691554489" lon="8.690181928660149"><ele>443.2</ele></trkpt><trkpt lat="47.35252091541955" lon="8.690412928550344"><ele>443.8</ele></trkpt><trkpt lat="47.35231191548524" lon="8.690579928603167"><ele>443.5</ele></trkpt><trkpt lat="47.35231191548524" lon="8.690579928603167"><ele>443.5</ele></trkpt><trkpt lat="47.352248915549815" lon="8.690644928656715"><ele>443.2</ele></trkpt><trkpt lat="47.35218491561432" lon="8.69070992871027"><ele>442.9</ele></trkpt><trkpt lat="47.35210291572171" lon="8.690813928799525"><ele>442.4</ele></trkpt><trkpt lat="47.35200191585061" lon="8.690956928906463"><ele>441.8</ele></trkpt><trkpt lat="47.35190191597943" lon="8.691112929013274"><ele>441.2</ele></trkpt><trkpt lat="47.351745916172796" lon="8.691347929173501"><ele>440.3</ele></trkpt><trkpt lat="47.35163591630173" lon="8.69153092928008"><ele>439.7</ele></trkpt><trkpt lat="47.351580916344865" lon="8.691634929315228"><ele>439.5</ele></trkpt><trkpt lat="47.351580916344865" lon="8.691634929315228"><ele>439.5</ele></trkpt><trkpt lat="47.35147391651634" lon="8.691565929460294"><ele>438.7</ele></trkpt><trkpt lat="47.35128691670975" lon="8.69140292962443"><ele>437.8</ele></trkpt><trkpt lat="47.3510999168178" lon="8.69123992971646"><ele>437.3</ele></trkpt><trkpt lat="47.35105491683953" lon="8.69119892973496"><ele>437.2</ele></trkpt><trkpt lat="47.350930916819074" lon="8.69107692971833"><ele>437.3</ele></trkpt><trkpt lat="47.35086791675558" lon="8.691022929664891"><ele>437.6</ele></trkpt><trkpt lat="47.35086791675558" lon="8.691022929664891"><ele>437.6</ele></trkpt><trkpt lat="47.35084991673437" lon="8.691008929647039"><ele>437.7</ele></trkpt><trkpt lat="47.35084991673437" lon="8.691008929647039"><ele>437.7</ele></trkpt><trkpt lat="47.35069891667146" lon="8.690872929594544"><ele>438.0</ele></trkpt><trkpt lat="47.35069891667146" lon="8.690872929594544"><ele>438.0</ele></trkpt><trkpt lat="47.35068991667156" lon="8.690859929594685"><ele>438.0</ele></trkpt><trkpt lat="47.35068991667156" lon="8.690859929594685"><ele>438.0</ele></trkpt><trkpt lat="47.3506279167147" lon="8.690791929631501"><ele>437.8</ele></trkpt><trkpt lat="47.3506279167147" lon="8.690791929631501"><ele>437.8</ele></trkpt><trkpt lat="47.35048491680109" lon="8.690669929705024"><ele>437.4</ele></trkpt><trkpt lat="47.35048491680109" lon="8.690669929705024"><ele>437.4</ele></trkpt><trkpt lat="47.35046791680123" lon="8.690642929705314"><ele>437.4</ele></trkpt><trkpt lat="47.35046791680123" lon="8.690642929705314"><ele>437.4</ele></trkpt><trkpt lat="47.35036091686603" lon="8.690547929760488"><ele>437.1</ele></trkpt><trkpt lat="47.35022691688833" lon="8.690438929779804"><ele>437.0</ele></trkpt><trkpt lat="47.35010191691062" lon="8.69031592979923"><ele>436.9</ele></trkpt><trkpt lat="47.3500399169111" lon="8.690274929799733"><ele>436.9</ele></trkpt><trkpt lat="47.34999491691145" lon="8.690234929800198"><ele>436.9</ele></trkpt><trkpt lat="47.34994991693311" lon="8.690219929818447"><ele>436.8</ele></trkpt><trkpt lat="47.34989691693353" lon="8.69021892981855"><ele>436.8</ele></trkpt><trkpt lat="47.34985191695522" lon="8.690217929836663"><ele>436.7</ele></trkpt><trkpt lat="47.34978791695572" lon="8.690229929836663"><ele>436.7</ele></trkpt><trkpt lat="47.34972491697752" lon="8.690240929854692"><ele>436.6</ele></trkpt><trkpt lat="47.34966191697809" lon="8.690265929854569"><ele>436.6</ele></trkpt><trkpt lat="47.34957191697875" lon="8.69030392985436"><ele>436.6</ele></trkpt><trkpt lat="47.34937291693773" lon="8.690404929817703"><ele>436.8</ele></trkpt><trkpt lat="47.34901991691924" lon="8.690568929798742"><ele>436.9</ele></trkpt><trkpt lat="47.3488849169203" lon="8.690618929798507"><ele>436.9</ele></trkpt><trkpt lat="47.348802916899636" lon="8.690656929780268"><ele>437.0</ele></trkpt><trkpt lat="47.348802916899636" lon="8.690656929780268"><ele>437.0</ele></trkpt><trkpt lat="47.348730916900195" lon="8.690667929780291"><ele>437.0</ele></trkpt><trkpt lat="47.3486409169009" lon="8.690665929780467"><ele>437.0</ele></trkpt><trkpt lat="47.34838991690284" lon="8.69063392978123"><ele>437.0</ele></trkpt><trkpt lat="47.348326916882" lon="8.690618929763465"><ele>437.1</ele></trkpt><trkpt lat="47.348210916882906" lon="8.690549929764336"><ele>437.1</ele></trkpt><trkpt lat="47.348210916882906" lon="8.690549929764336"><ele>437.1</ele></trkpt><trkpt lat="47.34794091692766" lon="8.690529929801059"><ele>436.9</ele></trkpt><trkpt lat="47.34769791697221" lon="8.690524929837581"><ele>436.7</ele></trkpt><trkpt lat="47.347203916976035" lon="8.690446929839224"><ele>436.7</ele></trkpt><trkpt lat="47.34698891697774" lon="8.690428929839777"><ele>436.7</ele></trkpt><trkpt lat="47.3466469169804" lon="8.690393929840731"><ele>436.7</ele></trkpt><trkpt lat="47.34633291696152" lon="8.690373929823464"><ele>436.8</ele></trkpt><trkpt lat="47.34607191696359" lon="8.690366929824"><ele>436.8</ele></trkpt><trkpt lat="47.345378916969004" lon="8.690337929825525"><ele>436.8</ele></trkpt><trkpt lat="47.34524491697007" lon="8.690334929825791"><ele>436.8</ele></trkpt><trkpt lat="47.345127916949686" lon="8.690344929807889"><ele>436.9</ele></trkpt><trkpt lat="47.34497391697221" lon="8.690394929825704"><ele>436.8</ele></trkpt><trkpt lat="47.34437891697695" lon="8.690565929825132"><ele>436.8</ele></trkpt><trkpt lat="47.34391791695928" lon="8.690700929806646"><ele>436.9</ele></trkpt><trkpt lat="47.34391791695928" lon="8.690700929806646"><ele>436.9</ele></trkpt><trkpt lat="47.3435029169413" lon="8.690822929788196"><ele>437.0</ele></trkpt><trkpt lat="47.3434669169416" lon="8.690848929788011"><ele>437.0</ele></trkpt><trkpt lat="47.3434669169416" lon="8.690848929788011"><ele>437.0</ele></trkpt><trkpt lat="47.34342991692056" lon="8.690900929769555"><ele>437.1</ele></trkpt><trkpt lat="47.34342991692056" lon="8.690900929769555"><ele>437.1</ele></trkpt><trkpt lat="47.34345591689907" lon="8.690980929750719"><ele>437.2</ele></trkpt><trkpt lat="47.34345591689907" lon="8.690980929750719"><ele>437.2</ele></trkpt><trkpt lat="47.34323891690084" lon="8.691094929750015"><ele>437.2</ele></trkpt><trkpt lat="47.34323891690084" lon="8.691094929750015"><ele>437.2</ele></trkpt><trkpt lat="47.34273291690491" lon="8.691373929748243"><ele>437.2</ele></trkpt><trkpt lat="47.34273291690491" lon="8.691373929748243"><ele>437.2</ele></trkpt><trkpt lat="47.341863916911905" lon="8.691856929745164"><ele>437.2</ele></trkpt><trkpt lat="47.341863916911905" lon="8.691856929745164"><ele>437.2</ele></trkpt><trkpt lat="47.341283916916616" lon="8.692186929743038"><ele>437.2</ele></trkpt><trkpt lat="47.34116591693888" lon="8.692289929760278"><ele>437.1</ele></trkpt><trkpt lat="47.340473916923315" lon="8.693067929736024"><ele>437.2</ele></trkpt><trkpt lat="47.34012891694745" lon="8.693416929751315"><ele>437.1</ele></trkpt><trkpt lat="47.34012891694745" lon="8.693416929751315"><ele>437.1</ele></trkpt><trkpt lat="47.340029916990865" lon="8.693401929787694"><ele>436.9</ele></trkpt><trkpt lat="47.339957916991445" lon="8.69339992978784"><ele>436.9</ele></trkpt><trkpt lat="47.33991291699179" lon="8.69337292978818"><ele>436.9</ele></trkpt><trkpt lat="47.33986891701345" lon="8.693331929806677"><ele>436.8</ele></trkpt><trkpt lat="47.33986891701345" lon="8.693331929806677"><ele>436.8</ele></trkpt><trkpt lat="47.33983291701371" lon="8.693317929806877"><ele>436.8</ele></trkpt><trkpt lat="47.33979691703529" lon="8.693316929824977"><ele>436.7</ele></trkpt><trkpt lat="47.33976091703559" lon="8.69332892982493"><ele>436.7</ele></trkpt><trkpt lat="47.339724917057175" lon="8.693354929842767"><ele>436.6</ele></trkpt><trkpt lat="47.33967891705756" lon="8.69340692984235"><ele>436.6</ele></trkpt><trkpt lat="47.33956891703717" lon="8.693562929823026"><ele>436.7</ele></trkpt><trkpt lat="47.33939491703867" lon="8.69383692982071"><ele>436.7</ele></trkpt><trkpt lat="47.3388289170008" lon="8.694669929777673"><ele>436.9</ele></trkpt><trkpt lat="47.33872791698033" lon="8.69482692975832"><ele>437.0</ele></trkpt><trkpt lat="47.338654916959634" lon="8.694956929739172"><ele>437.1</ele></trkpt><trkpt lat="47.33856291693914" lon="8.695153929719416"><ele>437.2</ele></trkpt><trkpt lat="47.33849791696102" lon="8.695257929736563"><ele>437.1</ele></trkpt><trkpt lat="47.33843391696149" lon="8.695348929735806"><ele>437.1</ele></trkpt><trkpt lat="47.33843391696149" lon="8.695348929735806"><ele>437.1</ele></trkpt><trkpt lat="47.338361916962135" lon="8.695439929735056"><ele>437.1</ele></trkpt><trkpt lat="47.33824291698442" lon="8.69555592975219"><ele>437.0</ele></trkpt><trkpt lat="47.338115917006775" lon="8.695672929769323"><ele>436.9</ele></trkpt><trkpt lat="47.338006917028956" lon="8.69581592978618"><ele>436.8</ele></trkpt><trkpt lat="47.337905917029886" lon="8.695984929784736"><ele>436.8</ele></trkpt><trkpt lat="47.33782291700925" lon="8.696167929765096"><ele>436.9</ele></trkpt><trkpt lat="47.337775916988384" lon="8.696325929745631"><ele>437.0</ele></trkpt><trkpt lat="47.33775591696728" lon="8.696497929725982"><ele>437.1</ele></trkpt><trkpt lat="47.33771591701039" lon="8.696919929758067"><ele>436.9</ele></trkpt><trkpt lat="47.33760691703288" lon="8.697790929767939"><ele>436.8</ele></trkpt><trkpt lat="47.337559916990735" lon="8.69797492973018"><ele>437.0</ele></trkpt><trkpt lat="47.33750391692734" lon="8.69814592967453"><ele>437.3</ele></trkpt><trkpt lat="47.337448916906546" lon="8.698316929654949"><ele>437.4</ele></trkpt><trkpt lat="47.33742991688541" lon="8.698408929636063"><ele>437.5</ele></trkpt><trkpt lat="47.337436916821495" lon="8.698514929580917"><ele>437.8</ele></trkpt><trkpt lat="47.337470916693434" lon="8.698713929470708"><ele>438.4</ele></trkpt><trkpt lat="47.33746991665092" lon="8.698806929433738"><ele>438.6</ele></trkpt><trkpt lat="47.3374599166297" lon="8.698898929414831"><ele>438.7</ele></trkpt><trkpt lat="47.3374419166299" lon="8.698964929414226"><ele>438.7</ele></trkpt><trkpt lat="47.33739491658769" lon="8.69906992937722"><ele>438.9</ele></trkpt><trkpt lat="47.337257916567516" lon="8.699317929357035"><ele>439.0</ele></trkpt><trkpt lat="47.337256916567554" lon="8.699370929356524"><ele>439.0</ele></trkpt><trkpt lat="47.337256916567554" lon="8.699370929356524"><ele>439.0</ele></trkpt><trkpt lat="47.33729191654599" lon="8.69943792933777"><ele>439.1</ele></trkpt><trkpt lat="47.33762991626652" lon="8.699855929098593"><ele>440.4</ele></trkpt><trkpt lat="47.33792191615783" lon="8.700246929004072"><ele>440.9</ele></trkpt><trkpt lat="47.33824091598501" lon="8.700703928854713"><ele>441.7</ele></trkpt><trkpt lat="47.338479915855444" lon="8.701079928742363"><ele>442.3</ele></trkpt><trkpt lat="47.33894091576683" lon="8.701725928663054"><ele>442.7</ele></trkpt><trkpt lat="47.33943691557138" lon="8.702412928493022"><ele>443.6</ele></trkpt><trkpt lat="47.339658915484485" lon="8.702695928417663"><ele>444.0</ele></trkpt><trkpt lat="47.33972991544133" lon="8.702790928380507"><ele>444.2</ele></trkpt><trkpt lat="47.33972991544133" lon="8.702790928380507"><ele>444.2</ele></trkpt><trkpt lat="47.339655915441966" lon="8.702894928379626"><ele>444.2</ele></trkpt><trkpt lat="47.33897491536277" lon="8.704333928294586"><ele>444.6</ele></trkpt><trkpt lat="47.33897491536277" lon="8.704333928294586"><ele>444.6</ele></trkpt><trkpt lat="47.33890091534213" lon="8.704503928275006"><ele>444.7</ele></trkpt><trkpt lat="47.33890091534213" lon="8.704503928275006"><ele>444.7</ele></trkpt><trkpt lat="47.338606915366015" lon="8.7051059282877"><ele>444.6</ele></trkpt><trkpt lat="47.33855091534517" lon="8.705223928268596"><ele>444.7</ele></trkpt><trkpt lat="47.33853291532405" lon="8.70526292825019"><ele>444.8</ele></trkpt><trkpt lat="47.33853291532405" lon="8.70526292825019"><ele>444.8</ele></trkpt><trkpt lat="47.338487915345716" lon="8.705274928268208"><ele>444.7</ele></trkpt><trkpt lat="47.33828691539006" lon="8.705508928302397"><ele>444.5</ele></trkpt><trkpt lat="47.33754091556681" lon="8.70635092843997"><ele>443.7</ele></trkpt><trkpt lat="47.337458915567446" lon="8.70642892843936"><ele>443.7</ele></trkpt><trkpt lat="47.33738491556808" lon="8.706545928438347"><ele>443.7</ele></trkpt><trkpt lat="47.337311915590014" lon="8.706649928455525"><ele>443.6</ele></trkpt><trkpt lat="47.337311915590014" lon="8.706649928455525"><ele>443.6</ele></trkpt><trkpt lat="47.33722091559079" lon="8.7067409284548"><ele>443.6</ele></trkpt><trkpt lat="47.33684891567905" lon="8.707062928524568"><ele>443.2</ele></trkpt><trkpt lat="47.3366679157232" lon="8.70720392855964"><ele>443.0</ele></trkpt><trkpt lat="47.33638691574682" lon="8.707368928576598"><ele>442.9</ele></trkpt><trkpt lat="47.336042915813564" lon="8.707572928629416"><ele>442.6</ele></trkpt><trkpt lat="47.33583491581524" lon="8.70769992862856"><ele>442.6</ele></trkpt><trkpt lat="47.33561691583833" lon="8.707826928645776"><ele>442.5</ele></trkpt><trkpt lat="47.33549891583931" lon="8.707943928644852"><ele>442.5</ele></trkpt><trkpt lat="47.335371915840376" lon="8.7080859286437"><ele>442.5</ele></trkpt><trkpt lat="47.33528891586239" lon="8.708189928660897"><ele>442.4</ele></trkpt><trkpt lat="47.33528891586239" lon="8.708189928660897"><ele>442.4</ele></trkpt><trkpt lat="47.33505191590699" lon="8.70850192869441"><ele>442.2</ele></trkpt><trkpt lat="47.334904916014736" lon="8.708749928782579"><ele>441.7</ele></trkpt><trkpt lat="47.33448391616745" lon="8.70948092890268"><ele>441.0</ele></trkpt><trkpt lat="47.334418916189335" lon="8.709597928919724"><ele>440.9</ele></trkpt><trkpt lat="47.33428091621186" lon="8.709872928935374"><ele>440.8</ele></trkpt><trkpt lat="47.33428091621186" lon="8.709872928935374"><ele>440.8</ele></trkpt><trkpt lat="47.334080916256134" lon="8.710079928969858"><ele>440.6</ele></trkpt><trkpt lat="47.333962916257086" lon="8.7101699289692"><ele>440.6</ele></trkpt><trkpt lat="47.33381791623693" lon="8.710271928950405"><ele>440.7</ele></trkpt><trkpt lat="47.33370891619524" lon="8.710348928913733"><ele>440.9</ele></trkpt><trkpt lat="47.33367291619557" lon="8.710387928913413"><ele>440.9</ele></trkpt><trkpt lat="47.33367291619557" lon="8.710387928913413"><ele>440.9</ele></trkpt><trkpt lat="47.33345591617603" lon="8.710514928894513"><ele>441.0</ele></trkpt><trkpt lat="47.33329291617737" lon="8.710629928893692"><ele>441.0</ele></trkpt><trkpt lat="47.33295691618014" lon="8.710912928891558"><ele>441.0</ele></trkpt><trkpt lat="47.33277491616037" lon="8.711093928872062"><ele>441.1</ele></trkpt><trkpt lat="47.33277491616037" lon="8.711093928872062"><ele>441.1</ele></trkpt><trkpt lat="47.332646916182746" lon="8.71122292888911"><ele>441.0</ele></trkpt><trkpt lat="47.33260191618312" lon="8.711274928888685"><ele>441.0</ele></trkpt><trkpt lat="47.33257391618335" lon="8.711327928888226"><ele>441.0</ele></trkpt><trkpt lat="47.33252791616246" lon="8.71148492886872"><ele>441.1</ele></trkpt><trkpt lat="47.33252791616246" lon="8.71148492886872"><ele>441.1</ele></trkpt><trkpt lat="47.33242891620583" lon="8.711416928905694"><ele>440.9</ele></trkpt><trkpt lat="47.332330916227896" lon="8.711374928924347"><ele>440.8</ele></trkpt><trkpt lat="47.33223191627123" lon="8.711345928960936"><ele>440.6</ele></trkpt><trkpt lat="47.33223191627123" lon="8.711345928960936"><ele>440.6</ele></trkpt><trkpt lat="47.332088916357534" lon="8.711315929033757"><ele>440.2</ele></trkpt><trkpt lat="47.332088916357534" lon="8.711315929033757"><ele>440.2</ele></trkpt><trkpt lat="47.33207091635767" lon="8.711301929033924"><ele>440.2</ele></trkpt><trkpt lat="47.33200791637947" lon="8.711300929052117"><ele>440.1</ele></trkpt><trkpt lat="47.33198091640097" lon="8.711299929070242"><ele>440.0</ele></trkpt><trkpt lat="47.33198091640097" lon="8.711299929070242"><ele>440.0</ele></trkpt><trkpt lat="47.33194491637997" lon="8.71129892905225"><ele>440.1</ele></trkpt><trkpt lat="47.331800916466264" lon="8.711335929124422"><ele>439.7</ele></trkpt><trkpt lat="47.331800916466264" lon="8.711335929124422"><ele>439.7</ele></trkpt><trkpt lat="47.33177291648779" lon="8.71134792914242"><ele>439.6</ele></trkpt><trkpt lat="47.33172791650945" lon="8.711346929160579"><ele>439.5</ele></trkpt><trkpt lat="47.331665916531264" lon="8.711331929178902"><ele>439.4</ele></trkpt><trkpt lat="47.331665916531264" lon="8.711331929178902"><ele>439.4</ele></trkpt><trkpt lat="47.331620916552865" lon="8.711330929197056"><ele>439.3</ele></trkpt><trkpt lat="47.331566916595875" lon="8.711302929233561"><ele>439.1</ele></trkpt><trkpt lat="47.33150391659637" lon="8.711261929234071"><ele>439.1</ele></trkpt><trkpt lat="47.33146891661792" lon="8.71123492925246"><ele>439.0</ele></trkpt><trkpt lat="47.33146891661792" lon="8.71123492925246"><ele>439.0</ele></trkpt><trkpt lat="47.33142391663956" lon="8.71120692927088"><ele>438.9</ele></trkpt><trkpt lat="47.33134391664017" lon="8.711165929271418"><ele>438.9</ele></trkpt><trkpt lat="47.33129891666183" lon="8.711151929289702"><ele>438.8</ele></trkpt><trkpt lat="47.331244916640955" lon="8.711136929271877"><ele>438.9</ele></trkpt><trkpt lat="47.33110991662072" lon="8.711146929253962"><ele>439.0</ele></trkpt><trkpt lat="47.330947916579404" lon="8.711142929218157"><ele>439.2</ele></trkpt><trkpt lat="47.33091191657967" lon="8.71114192921823"><ele>439.2</ele></trkpt><trkpt lat="47.33091191657967" lon="8.71114192921823"><ele>439.2</ele></trkpt><trkpt lat="47.33087591657995" lon="8.711127929218431"><ele>439.2</ele></trkpt><trkpt lat="47.3308579165801" lon="8.711127929218467"><ele>439.2</ele></trkpt><trkpt lat="47.33069691660263" lon="8.711044929237627"><ele>439.1</ele></trkpt><trkpt lat="47.33058991662476" lon="8.7110019292563"><ele>439.0</ele></trkpt><trkpt lat="47.33047291660434" lon="8.710972929238721"><ele>439.1</ele></trkpt><trkpt lat="47.33033891658416" lon="8.71094292922119"><ele>439.2</ele></trkpt><trkpt lat="47.330266916584726" lon="8.710927929221464"><ele>439.2</ele></trkpt><trkpt lat="47.330203916606486" lon="8.710926929239655"><ele>439.1</ele></trkpt><trkpt lat="47.330158916585546" lon="8.710925929221679"><ele>439.2</ele></trkpt><trkpt lat="47.330158916585546" lon="8.710925929221679"><ele>439.2</ele></trkpt><trkpt lat="47.330141916585646" lon="8.710845929222481"><ele>439.2</ele></trkpt><trkpt lat="47.330141916585646" lon="8.710845929222481"><ele>439.2</ele></trkpt><trkpt lat="47.330078916586125" lon="8.710844929222603"><ele>439.2</ele></trkpt><trkpt lat="47.33000691656541" lon="8.710829929204817"><ele>439.3</ele></trkpt><trkpt lat="47.3299079165449" lon="8.710813929187085"><ele>439.4</ele></trkpt><trkpt lat="47.32982791654549" lon="8.710771929187635"><ele>439.4</ele></trkpt><trkpt lat="47.32970291656778" lon="8.710702929206594"><ele>439.3</ele></trkpt><trkpt lat="47.32963991656823" lon="8.7106619292071"><ele>439.3</ele></trkpt><trkpt lat="47.32955891659016" lon="8.710633929225585"><ele>439.2</ele></trkpt><trkpt lat="47.329415916591245" lon="8.710603929226131"><ele>439.2</ele></trkpt><trkpt lat="47.329217916592796" lon="8.710545929227045"><ele>439.2</ele></trkpt><trkpt lat="47.3289759165734" lon="8.71047392921012"><ele>439.3</ele></trkpt><trkpt lat="47.3289759165734" lon="8.71047392921012"><ele>439.3</ele></trkpt><trkpt lat="47.32868091653314" lon="8.710387929175358"><ele>439.5</ele></trkpt><trkpt lat="47.328276916472426" lon="8.710285929122882"><ele>439.8</ele></trkpt><trkpt lat="47.32780091639098" lon="8.710167929052634"><ele>440.2</ele></trkpt><trkpt lat="47.32734391633071" lon="8.710037929000533"><ele>440.5</ele></trkpt><trkpt lat="47.32727191630995" lon="8.710009928982872"><ele>440.6</ele></trkpt><trkpt lat="47.327191916289316" lon="8.70998192896523"><ele>440.7</ele></trkpt><trkpt lat="47.32704891626914" lon="8.709911928948106"><ele>440.8</ele></trkpt><trkpt lat="47.3269589162698" lon="8.709856928948797"><ele>440.8</ele></trkpt><trkpt lat="47.32682491624955" lon="8.70978792893165"><ele>440.9</ele></trkpt><trkpt lat="47.32677091624997" lon="8.709759928932021"><ele>440.9</ele></trkpt><trkpt lat="47.32677091624997" lon="8.709759928932021"><ele>440.9</ele></trkpt><trkpt lat="47.3267359162715" lon="8.70971992895053"><ele>440.8</ele></trkpt><trkpt lat="47.32670091629307" lon="8.709652928969303"><ele>440.7</ele></trkpt><trkpt lat="47.326664916314556" lon="8.709585928988078"><ele>440.6</ele></trkpt><trkpt lat="47.326638916336066" lon="8.709544929006588"><ele>440.5</ele></trkpt><trkpt lat="47.326593916357695" lon="8.709504929025117"><ele>440.4</ele></trkpt><trkpt lat="47.32654891637931" lon="8.709489929043404"><ele>440.3</ele></trkpt><trkpt lat="47.326010916532496" lon="8.709331929172325"><ele>439.6</ele></trkpt><trkpt lat="47.325939916533045" lon="8.709303929172723"><ele>439.6</ele></trkpt><trkpt lat="47.32585891657623" lon="8.709248929209526"><ele>439.4</ele></trkpt><trkpt lat="47.325796916597994" lon="8.709194929228218"><ele>439.3</ele></trkpt><trkpt lat="47.32571691666243" lon="8.709099929283457"><ele>439.0</ele></trkpt><trkpt lat="47.325379916792585" lon="8.708654929396708"><ele>438.4</ele></trkpt><trkpt lat="47.325379916792585" lon="8.708654929396708"><ele>438.4</ele></trkpt><trkpt lat="47.32499891688051" lon="8.708169929474296"><ele>438.0</ele></trkpt><trkpt lat="47.32453791692642" lon="8.707576929516947"><ele>437.8</ele></trkpt><trkpt lat="47.32406791692987" lon="8.706956929523754"><ele>437.8</ele></trkpt><trkpt lat="47.32398791693049" lon="8.706835929525061"><ele>437.8</ele></trkpt><trkpt lat="47.323907916909775" lon="8.706701929508442"><ele>437.9</ele></trkpt><trkpt lat="47.3238199169104" lon="8.706580929509768"><ele>437.9</ele></trkpt><trkpt lat="47.32369591691133" lon="8.706431929511425"><ele>437.9</ele></trkpt><trkpt lat="47.32369591691133" lon="8.706431929511425"><ele>437.9</ele></trkpt><trkpt lat="47.32364191691174" lon="8.706351929512294"><ele>437.9</ele></trkpt><trkpt lat="47.32364191691174" lon="8.706351929512294"><ele>437.9</ele></trkpt><trkpt lat="47.32353591691249" lon="8.706203929513906"><ele>437.9</ele></trkpt><trkpt lat="47.32353591691249" lon="8.706203929513906"><ele>437.9</ele></trkpt><trkpt lat="47.323508916933974" lon="8.706176929532267"><ele>437.8</ele></trkpt><trkpt lat="47.323508916933974" lon="8.706176929532267"><ele>437.8</ele></trkpt><trkpt lat="47.32343791693449" lon="8.70608192953331"><ele>437.8</ele></trkpt><trkpt lat="47.323375916934985" lon="8.706014929534065"><ele>437.8</ele></trkpt><trkpt lat="47.323375916934985" lon="8.706014929534065"><ele>437.8</ele></trkpt><trkpt lat="47.32323391697858" lon="8.705852929571979"><ele>437.6</ele></trkpt><trkpt lat="47.323144917021764" lon="8.705757929609154"><ele>437.4</ele></trkpt><trkpt lat="47.32307391706488" lon="8.705663929646285"><ele>437.2</ele></trkpt><trkpt lat="47.32296791708692" lon="8.705514929665958"><ele>437.1</ele></trkpt><trkpt lat="47.322896917087434" lon="8.705394929667234"><ele>437.1</ele></trkpt><trkpt lat="47.322834917087896" lon="8.705300929668253"><ele>437.1</ele></trkpt><trkpt lat="47.322763917088366" lon="8.705219929669157"><ele>437.1</ele></trkpt><trkpt lat="47.3226759170891" lon="8.705111929670354"><ele>437.1</ele></trkpt><trkpt lat="47.322550917068675" lon="8.704975929653836"><ele>437.2</ele></trkpt><trkpt lat="47.32243491706953" lon="8.704854929655205"><ele>437.2</ele></trkpt><trkpt lat="47.32232891709163" lon="8.704719929674742"><ele>437.1</ele></trkpt><trkpt lat="47.32211591713571" lon="8.704436929713934"><ele>436.9</ele></trkpt><trkpt lat="47.32205391711488" lon="8.704342929696903"><ele>437.0</ele></trkpt><trkpt lat="47.32199191711536" lon="8.704261929697793"><ele>437.0</ele></trkpt><trkpt lat="47.32190291709473" lon="8.70416692968082"><ele>437.1</ele></trkpt><trkpt lat="47.32170791716001" lon="8.703924929737628"><ele>436.8</ele></trkpt><trkpt lat="47.321388917162324" lon="8.70351992974209"><ele>436.8</ele></trkpt><trkpt lat="47.321139917164174" lon="8.703196929745637"><ele>436.8</ele></trkpt><trkpt lat="47.320891917187275" lon="8.70287292976723"><ele>436.7</ele></trkpt><trkpt lat="47.32063491714661" lon="8.702536929734833"><ele>436.9</ele></trkpt><trkpt lat="47.32045691708408" lon="8.702320929683102"><ele>437.2</ele></trkpt><trkpt lat="47.32045691708408" lon="8.702320929683102"><ele>437.2</ele></trkpt><trkpt lat="47.32016391712879" lon="8.701956929723208"><ele>437.0</ele></trkpt><trkpt lat="47.319862917131005" lon="8.701565929727504"><ele>437.0</ele></trkpt><trkpt lat="47.31978291711029" lon="8.701457929710648"><ele>437.1</ele></trkpt><trkpt lat="47.319702917068355" lon="8.701336929675872"><ele>437.3</ele></trkpt><trkpt lat="47.31961491704773" lon="8.701215929659156"><ele>437.4</ele></trkpt><trkpt lat="47.31950791704849" lon="8.701093929660516"><ele>437.4</ele></trkpt><trkpt lat="47.31941891702788" lon="8.700999929643544"><ele>437.5</ele></trkpt><trkpt lat="47.31932991700728" lon="8.700891929626703"><ele>437.6</ele></trkpt><trkpt lat="47.31921491692305" lon="8.700729929556323"><ele>438.0</ele></trkpt><trkpt lat="47.31863891677837" lon="8.69992292943888"><ele>438.7</ele></trkpt><trkpt lat="47.31855091675772" lon="8.699814929422049"><ele>438.8</ele></trkpt><trkpt lat="47.318514916757955" lon="8.699760929422634"><ele>438.8</ele></trkpt><trkpt lat="47.31849791675809" lon="8.69972092942305"><ele>438.8</ele></trkpt><trkpt lat="47.318497916758055" lon="8.699654929423687"><ele>438.8</ele></trkpt><trkpt lat="47.318507916736664" lon="8.699601929406143"><ele>438.9</ele></trkpt><trkpt lat="47.31852691673653" lon="8.699522929406875"><ele>438.9</ele></trkpt><trkpt lat="47.31852691673653" lon="8.699522929406875"><ele>438.9</ele></trkpt><trkpt lat="47.31863791669303" lon="8.69919492937377"><ele>439.1</ele></trkpt><trkpt lat="47.31871291664975" lon="8.69895892933985"><ele>439.3</ele></trkpt><trkpt lat="47.31875991662803" lon="8.698761929323638"><ele>439.4</ele></trkpt><trkpt lat="47.318788916585184" lon="8.698589929289179"><ele>439.6</ele></trkpt><trkpt lat="47.31880891654244" lon="8.698431929254607"><ele>439.8</ele></trkpt><trkpt lat="47.31881891649973" lon="8.698259929220189"><ele>440.0</ele></trkpt><trkpt lat="47.31882291639321" lon="8.697968929132848"><ele>440.5</ele></trkpt><trkpt lat="47.31881991622282" lon="8.69734792899464"><ele>441.3</ele></trkpt><trkpt lat="47.31881991622282" lon="8.69734792899464"><ele>441.3</ele></trkpt><trkpt lat="47.3188219162015" lon="8.69718892897815"><ele>441.4</ele></trkpt><trkpt lat="47.318823916180115" lon="8.697016928961787"><ele>441.5</ele></trkpt><trkpt lat="47.3188349161587" lon="8.69679192894593"><ele>441.6</ele></trkpt><trkpt lat="47.318854916158465" lon="8.696607928947678"><ele>441.6</ele></trkpt><trkpt lat="47.318874916158215" lon="8.696448928949183"><ele>441.6</ele></trkpt><trkpt lat="47.31890391617914" lon="8.696251928969069"><ele>441.5</ele></trkpt><trkpt lat="47.31895191617869" lon="8.696027928971159"><ele>441.5</ele></trkpt><trkpt lat="47.31898991617834" lon="8.695843928972874"><ele>441.5</ele></trkpt><trkpt lat="47.31898991617834" lon="8.695843928972874"><ele>441.5</ele></trkpt><trkpt lat="47.31904591617783" lon="8.695646928974687"><ele>441.5</ele></trkpt><trkpt lat="47.31911991617717" lon="8.69543692897659"><ele>441.5</ele></trkpt><trkpt lat="47.31918491617655" lon="8.695252928978261"><ele>441.5</ele></trkpt><trkpt lat="47.31930491617549" lon="8.694937928981103"><ele>441.5</ele></trkpt><trkpt lat="47.31938891617473" lon="8.694741928982854"><ele>441.5</ele></trkpt><trkpt lat="47.31938891617473" lon="8.694741928982854"><ele>441.5</ele></trkpt><trkpt lat="47.31972091619304" lon="8.693928929008166"><ele>441.4</ele></trkpt><trkpt lat="47.31985091619187" lon="8.69358892901123"><ele>441.4</ele></trkpt><trkpt lat="47.31998891621192" lon="8.693260929032183"><ele>441.3</ele></trkpt><trkpt lat="47.32009991621097" lon="8.6930119290344"><ele>441.3</ele></trkpt><trkpt lat="47.32009991621097" lon="8.6930119290344"><ele>441.3</ele></trkpt><trkpt lat="47.320164916252914" lon="8.692841929071967"><ele>441.1</ele></trkpt><trkpt lat="47.32047891633523" lon="8.692081929150834"><ele>440.7</ele></trkpt><trkpt lat="47.32067291635475" lon="8.691596929173203"><ele>440.6</ele></trkpt><trkpt lat="47.320820916332195" lon="8.691256929158214"><ele>440.7</ele></trkpt><trkpt lat="47.32090391631021" lon="8.691086929141695"><ele>440.8</ele></trkpt><trkpt lat="47.320985916288215" lon="8.69092992912506"><ele>440.9</ele></trkpt><trkpt lat="47.32108691626605" lon="8.69073392910876"><ele>441.0</ele></trkpt><trkpt lat="47.32119691622255" lon="8.690550929074313"><ele>441.2</ele></trkpt><trkpt lat="47.321288916179206" lon="8.690407929039504"><ele>441.4</ele></trkpt><trkpt lat="47.32142591613545" lon="8.690212929005124"><ele>441.6</ele></trkpt><trkpt lat="47.32142591613545" lon="8.690212929005124"><ele>441.6</ele></trkpt><trkpt lat="47.322193916086405" lon="8.68907992897872"><ele>441.8</ele></trkpt><trkpt lat="47.322193916086405" lon="8.68907992897872"><ele>441.8</ele></trkpt><trkpt lat="47.32302491597289" lon="8.687868928898947"><ele>442.3</ele></trkpt><trkpt lat="47.32305291595137" lon="8.687829928881268"><ele>442.4</ele></trkpt><trkpt lat="47.32308891597236" lon="8.687816928899338"><ele>442.3</ele></trkpt><trkpt lat="47.323133915971965" lon="8.687804928899372"><ele>442.3</ele></trkpt><trkpt lat="47.323133915971965" lon="8.687804928899372"><ele>442.3</ele></trkpt><trkpt lat="47.32318691605673" lon="8.687885928970516"><ele>441.9</ele></trkpt><trkpt lat="47.32321391609912" lon="8.687938929005966"><ele>441.7</ele></trkpt><trkpt lat="47.32321391609912" lon="8.687938929005966"><ele>441.7</ele></trkpt><trkpt lat="47.3232489161201" lon="8.687966929023641"><ele>441.6</ele></trkpt><trkpt lat="47.323266916141286" lon="8.687979929041491"><ele>441.5</ele></trkpt><trkpt lat="47.3233119161409" lon="8.68796792904152"><ele>441.5</ele></trkpt><trkpt lat="47.323329916140786" lon="8.68795492904162"><ele>441.5</ele></trkpt><trkpt lat="47.32335791614052" lon="8.68792892904182"><ele>441.5</ele></trkpt><trkpt lat="47.32348591603301" lon="8.68772092895357"><ele>442.0</ele></trkpt><trkpt lat="47.32355891596858" lon="8.68761692890043"><ele>442.3</ele></trkpt><trkpt lat="47.32368591588232" lon="8.687473928829561"><ele>442.7</ele></trkpt><trkpt lat="47.32377691583903" lon="8.687369928794402"><ele>442.9</ele></trkpt><trkpt lat="47.32389491577418" lon="8.687280928741037"><ele>443.2</ele></trkpt><trkpt lat="47.323967915752306" lon="8.687228928723407"><ele>443.3</ele></trkpt><trkpt lat="47.32426591562217" lon="8.687077928616302"><ele>443.9</ele></trkpt><trkpt lat="47.324573915449406" lon="8.686912928473319"><ele>444.7</ele></trkpt><trkpt lat="47.32462891542767" lon="8.686860928455717"><ele>444.8</ele></trkpt><trkpt lat="47.324673915384714" lon="8.686808928420138"><ele>445.0</ele></trkpt><trkpt lat="47.324700915363195" lon="8.686769928402466"><ele>445.1</ele></trkpt><trkpt lat="47.32472891532034" lon="8.686691928367166"><ele>445.3</ele></trkpt><trkpt lat="47.324784915256025" lon="8.686560928314334"><ele>445.6</ele></trkpt><trkpt lat="47.32487691512747" lon="8.6863109282086"><ele>446.2</ele></trkpt><trkpt lat="47.32493291504183" lon="8.686179928137767"><ele>446.6</ele></trkpt><trkpt lat="47.32499691497744" lon="8.686035928085058"><ele>446.9</ele></trkpt><trkpt lat="47.32505191493435" lon="8.68593192804997"><ele>447.1</ele></trkpt><trkpt lat="47.32505191493435" lon="8.68593192804997"><ele>447.1</ele></trkpt><trkpt lat="47.325079914891504" lon="8.685852928014691"><ele>447.3</ele></trkpt><trkpt lat="47.32508991489141" lon="8.685786928015325"><ele>447.3</ele></trkpt><trkpt lat="47.325099914870016" lon="8.685694927998213"><ele>447.4</ele></trkpt><trkpt lat="47.3251189148485" lon="8.68562892798082"><ele>447.5</ele></trkpt><trkpt lat="47.3251459148057" lon="8.68554992794555"><ele>447.7</ele></trkpt><trkpt lat="47.32523891469847" lon="8.685353927857303"><ele>448.2</ele></trkpt><trkpt lat="47.32527491463428" lon="8.685274927804015"><ele>448.5</ele></trkpt><trkpt lat="47.325329914548654" lon="8.68521092773254"><ele>448.9</ele></trkpt><trkpt lat="47.32539391448428" lon="8.685158927678932"><ele>449.2</ele></trkpt><trkpt lat="47.32544791444127" lon="8.685133927643076"><ele>449.4</ele></trkpt><trkpt lat="47.325501914398224" lon="8.68510892760722"><ele>449.6</ele></trkpt><trkpt lat="47.325628914290775" lon="8.685058927517481"><ele>450.1</ele></trkpt><trkpt lat="47.32566491429046" lon="8.68504592751754"><ele>450.1</ele></trkpt><trkpt lat="47.325691914290225" lon="8.68504692751748"><ele>450.1</ele></trkpt><trkpt lat="47.32571791429005" lon="8.685060927517299"><ele>450.1</ele></trkpt><trkpt lat="47.32571791429005" lon="8.685060927517299"><ele>450.1</ele></trkpt><trkpt lat="47.32579891426813" lon="8.685141927498345"><ele>450.2</ele></trkpt><trkpt lat="47.32581591426803" lon="8.685168927498044"><ele>450.2</ele></trkpt><trkpt lat="47.325842914246536" lon="8.685208927479593"><ele>450.3</ele></trkpt><trkpt lat="47.32586891422505" lon="8.685262927461013"><ele>450.4</ele></trkpt><trkpt lat="47.325904914224786" lon="8.685302927460548"><ele>450.4</ele></trkpt><trkpt lat="47.32605591422362" lon="8.685425927459049"><ele>450.4</ele></trkpt><trkpt lat="47.32610091420199" lon="8.685453927440687"><ele>450.5</ele></trkpt><trkpt lat="47.32613691420167" lon="8.685467927440481"><ele>450.5</ele></trkpt><trkpt lat="47.32617291418009" lon="8.685454927422539"><ele>450.6</ele></trkpt><trkpt lat="47.32621791417973" lon="8.685429927422708"><ele>450.6</ele></trkpt><trkpt lat="47.32629091415783" lon="8.685391927404952"><ele>450.7</ele></trkpt><trkpt lat="47.32629091415783" lon="8.685391927404952"><ele>450.7</ele></trkpt><trkpt lat="47.326362914135956" lon="8.68534092738732"><ele>450.8</ele></trkpt><trkpt lat="47.326806914238674" lon="8.6850199274797"><ele>450.3</ele></trkpt><trkpt lat="47.326970914301135" lon="8.684877927534808"><ele>450.0</ele></trkpt><trkpt lat="47.3271969143205" lon="8.684711927554039"><ele>449.9</ele></trkpt><trkpt lat="47.327369914319085" lon="8.684569927555135"><ele>449.9</ele></trkpt><trkpt lat="47.327868914272294" lon="8.684171927522161"><ele>450.1</ele></trkpt><trkpt lat="47.32791391429319" lon="8.684132927540464"><ele>450.0</ele></trkpt><trkpt lat="47.32793291427174" lon="8.684106927522688"><ele>450.1</ele></trkpt><trkpt lat="47.32793291427174" lon="8.684080927522949"><ele>450.1</ele></trkpt><trkpt lat="47.32793291425042" lon="8.684053927505216"><ele>450.2</ele></trkpt><trkpt lat="47.32793291425042" lon="8.684053927505216"><ele>450.2</ele></trkpt><trkpt lat="47.32792491425046" lon="8.684027927505486"><ele>450.2</ele></trkpt><trkpt lat="47.32791591422926" lon="8.684013927487642"><ele>450.3</ele></trkpt><trkpt lat="47.32787991418696" lon="8.683973927452106"><ele>450.5</ele></trkpt><trkpt lat="47.32778191408125" lon="8.683878927363237"><ele>451.0</ele></trkpt><trkpt lat="47.32778191408125" lon="8.683878927363237"><ele>451.0</ele></trkpt><trkpt lat="47.32763991391201" lon="8.68374292722086"><ele>451.8</ele></trkpt><trkpt lat="47.32757791382733" lon="8.683661927149787"><ele>452.2</ele></trkpt><trkpt lat="47.32754191378501" lon="8.683607927114394"><ele>452.4</ele></trkpt><trkpt lat="47.327533913742485" lon="8.683568927078802"><ele>452.6</ele></trkpt><trkpt lat="47.327524913678715" lon="8.683541927025097"><ele>452.9</ele></trkpt><trkpt lat="47.32751691363615" lon="8.683488926989646"><ele>453.1</ele></trkpt><trkpt lat="47.32751691363615" lon="8.683488926989646"><ele>453.1</ele></trkpt><trkpt lat="47.32752591357219" lon="8.683435926936165"><ele>453.4</ele></trkpt><trkpt lat="47.327544913529415" lon="8.683383926900653"><ele>453.6</ele></trkpt><trkpt lat="47.32756291348669" lon="8.683343926865021"><ele>453.8</ele></trkpt><trkpt lat="47.32759891346507" lon="8.683318926847209"><ele>453.9</ele></trkpt><trkpt lat="47.32765391344334" lon="8.68329392682936"><ele>454.0</ele></trkpt><trkpt lat="47.32774391342132" lon="8.683255926811576"><ele>454.1</ele></trkpt><trkpt lat="47.327852913377804" lon="8.683191926776022"><ele>454.3</ele></trkpt><trkpt lat="47.32800591335525" lon="8.683116926758494"><ele>454.4</ele></trkpt><trkpt lat="47.32813291331158" lon="8.683039926723033"><ele>454.6</ele></trkpt><trkpt lat="47.32823291326817" lon="8.682975926687496"><ele>454.8</ele></trkpt><trkpt lat="47.328766912965555" lon="8.682617926438152"><ele>456.2</ele></trkpt><trkpt lat="47.32897591279346" lon="8.682490926295074"><ele>457.0</ele></trkpt><trkpt lat="47.3292289126635" lon="8.682311926188437"><ele>457.6</ele></trkpt><trkpt lat="47.329410912534186" lon="8.682182926081428"><ele>458.2</ele></trkpt><trkpt lat="47.3295009124696" lon="8.682105926028054"><ele>458.5</ele></trkpt><trkpt lat="47.32961991236206" lon="8.682002925938894"><ele>459.0</ele></trkpt><trkpt lat="47.329810912190034" lon="8.681808925796553"><ele>459.8</ele></trkpt><trkpt lat="47.329810912190034" lon="8.681808925796553"><ele>459.8</ele></trkpt><trkpt lat="47.32988291212551" lon="8.68173092574322"><ele>460.1</ele></trkpt><trkpt lat="47.32997391208216" lon="8.681627925708112"><ele>460.3</ele></trkpt><trkpt lat="47.330037912038975" lon="8.681536925672926"><ele>460.5</ele></trkpt><trkpt lat="47.33011091195318" lon="8.68143192560188"><ele>460.9</ele></trkpt><trkpt lat="47.33020291190972" lon="8.681288925567179"><ele>461.1</ele></trkpt><trkpt lat="47.33039491197189" lon="8.680988925623854"><ele>460.8</ele></trkpt><trkpt lat="47.33049491207751" lon="8.680858925714952"><ele>460.3</ele></trkpt><trkpt lat="47.33049491207751" lon="8.680858925714952"><ele>460.3</ele></trkpt><trkpt lat="47.33060491216166" lon="8.680689925788432"><ele>459.9</ele></trkpt><trkpt lat="47.33097091237138" lon="8.680168925972948"><ele>458.9</ele></trkpt><trkpt lat="47.33110691239153" lon="8.6799999259924"><ele>458.8</ele></trkpt><trkpt lat="47.331179912390894" lon="8.679895925993318"><ele>458.8</ele></trkpt><trkpt lat="47.331179912390894" lon="8.679895925993318"><ele>458.8</ele></trkpt><trkpt lat="47.33127991241131" lon="8.679791926012173"><ele>458.7</ele></trkpt><trkpt lat="47.331389912452906" lon="8.679675926049123"><ele>458.5</ele></trkpt><trkpt lat="47.331480912473445" lon="8.679584926067864"><ele>458.4</ele></trkpt><trkpt lat="47.33158091251518" lon="8.6794819261047"><ele>458.2</ele></trkpt><trkpt lat="47.331716912556615" lon="8.679365926141596"><ele>458.0</ele></trkpt><trkpt lat="47.33268791284647" lon="8.678527926400088"><ele>456.6</ele></trkpt><trkpt lat="47.33311491301315" lon="8.678140926547087"><ele>455.8</ele></trkpt><trkpt lat="47.33334191296862" lon="8.677960926512503"><ele>456.0</ele></trkpt><trkpt lat="47.33334191296862" lon="8.677960926512503"><ele>456.0</ele></trkpt><trkpt lat="47.33343291298914" lon="8.677870926531227"><ele>455.9</ele></trkpt><trkpt lat="47.33354191303082" lon="8.677780926567904"><ele>455.7</ele></trkpt><trkpt lat="47.33371391302936" lon="8.677652926568868"><ele>455.7</ele></trkpt><trkpt lat="47.333922912963644" lon="8.67749892651607"><ele>456.0</ele></trkpt><trkpt lat="47.33410391291953" lon="8.677396926480792"><ele>456.2</ele></trkpt><trkpt lat="47.334248912875715" lon="8.677320926445319"><ele>456.4</ele></trkpt><trkpt lat="47.33439291283184" lon="8.677244926409843"><ele>456.6</ele></trkpt><trkpt lat="47.33464591276589" lon="8.677144926356428"><ele>456.9</ele></trkpt><trkpt lat="47.33492591272091" lon="8.677031926321076"><ele>457.1</ele></trkpt><trkpt lat="47.33525191267555" lon="8.676907926285754"><ele>457.3</ele></trkpt><trkpt lat="47.33525191267555" lon="8.676907926285754"><ele>457.3</ele></trkpt><trkpt lat="47.33534191269607" lon="8.67686992630395"><ele>457.2</ele></trkpt><trkpt lat="47.33544091273791" lon="8.676832926340113"><ele>457.0</ele></trkpt><trkpt lat="47.33554991273698" lon="8.676768926340555"><ele>457.0</ele></trkpt><trkpt lat="47.33568591273584" lon="8.676678926341213"><ele>457.0</ele></trkpt><trkpt lat="47.335793912713584" lon="8.676615926323661"><ele>457.1</ele></trkpt><trkpt lat="47.33591191262737" lon="8.676512926252546"><ele>457.5</ele></trkpt><trkpt lat="47.33591191262737" lon="8.676512926252546"><ele>457.5</ele></trkpt><trkpt lat="47.33602091264773" lon="8.676422926271238"><ele>457.4</ele></trkpt><trkpt lat="47.336130912625435" lon="8.67630592625423"><ele>457.5</ele></trkpt><trkpt lat="47.33631291255996" lon="8.676098926202025"><ele>457.8</ele></trkpt><trkpt lat="47.33645891247345" lon="8.675916926131668"><ele>458.2</ele></trkpt><trkpt lat="47.33656791238726" lon="8.675746926061253"><ele>458.6</ele></trkpt><trkpt lat="47.33664191225873" lon="8.67561692595454"><ele>459.2</ele></trkpt><trkpt lat="47.33664191225873" lon="8.67561692595454"><ele>459.2</ele></trkpt><trkpt lat="47.33686191210758" lon="8.675210925832376"><ele>459.9</ele></trkpt><trkpt lat="47.336935912064284" lon="8.67505392579787"><ele>460.1</ele></trkpt><trkpt lat="47.33710091199884" lon="8.674700925747212"><ele>460.4</ele></trkpt><trkpt lat="47.337183911955435" lon="8.67451792571296"><ele>460.6</ele></trkpt><trkpt lat="47.337183911955435" lon="8.67451792571296"><ele>460.6</ele></trkpt><trkpt lat="47.33734091193263" lon="8.674123925698693"><ele>460.7</ele></trkpt><trkpt lat="47.337405911910786" lon="8.673992925681928"><ele>460.8</ele></trkpt><trkpt lat="47.337487911888694" lon="8.673822925665528"><ele>460.9</ele></trkpt><trkpt lat="47.337524911867064" lon="8.673770925648006"><ele>461.0</ele></trkpt><trkpt lat="47.337551911866804" lon="8.673744925648224"><ele>461.0</ele></trkpt><trkpt lat="47.33757891186658" lon="8.673732925648293"><ele>461.0</ele></trkpt><trkpt lat="47.337651911865926" lon="8.673654925648952"><ele>461.0</ele></trkpt><trkpt lat="47.337651911865926" lon="8.673654925648952"><ele>461.0</ele></trkpt><trkpt lat="47.33784591214153" lon="8.674003925878756"><ele>459.7</ele></trkpt><trkpt lat="47.33784591214153" lon="8.674003925878756"><ele>459.7</ele></trkpt><trkpt lat="47.338040912395776" lon="8.67433892609074"><ele>458.5</ele></trkpt><trkpt lat="47.338172912607924" lon="8.674579926267855"><ele>457.5</ele></trkpt><trkpt lat="47.338172912607924" lon="8.674579926267855"><ele>457.5</ele></trkpt><trkpt lat="47.33829091260688" lon="8.674476926268675"><ele>457.5</ele></trkpt><trkpt lat="47.33838191258476" lon="8.674372926251575"><ele>457.6</ele></trkpt><trkpt lat="47.33838191258476" lon="8.674372926251575"><ele>457.6</ele></trkpt><trkpt lat="47.33857291241263" lon="8.674152926109613"><ele>458.4</ele></trkpt><trkpt lat="47.3386279123695" lon="8.674100926074072"><ele>458.6</ele></trkpt><trkpt lat="47.3386279123695" lon="8.674100926074072"><ele>458.6</ele></trkpt><trkpt lat="47.33863691236948" lon="8.674087926074192"><ele>458.6</ele></trkpt><trkpt lat="47.3386999123263" lon="8.674062926038369"><ele>458.8</ele></trkpt><trkpt lat="47.338780912304316" lon="8.674037926020494"><ele>458.9</ele></trkpt><trkpt lat="47.33884491230374" lon="8.674012926020625"><ele>458.9</ele></trkpt><trkpt lat="47.33884491230374" lon="8.674012926020625"><ele>458.9</ele></trkpt><trkpt lat="47.33892591230311" lon="8.673988926020717"><ele>458.9</ele></trkpt><trkpt lat="47.33892591230311" lon="8.673988926020717"><ele>458.9</ele></trkpt><trkpt lat="47.33898891230254" lon="8.673976926020721"><ele>458.9</ele></trkpt><trkpt lat="47.33904291232341" lon="8.673938926038986"><ele>458.8</ele></trkpt><trkpt lat="47.33908891236563" lon="8.673899926075253"><ele>458.6</ele></trkpt><trkpt lat="47.339133912407895" lon="8.67384792611165"><ele>458.4</ele></trkpt><trkpt lat="47.33922591251364" lon="8.673730926202557"><ele>457.9</ele></trkpt><trkpt lat="47.33934391272573" lon="8.673574926383694"><ele>456.9</ele></trkpt><trkpt lat="47.339507913086635" lon="8.673353926691233"><ele>455.2</ele></trkpt><trkpt lat="47.33959091323508" lon="8.673249926817963"><ele>454.5</ele></trkpt><trkpt lat="47.33959091323508" lon="8.673249926817963"><ele>454.5</ele></trkpt><trkpt lat="47.33985491357385" lon="8.67289892710862"><ele>452.9</ele></trkpt><trkpt lat="47.33985491357385" lon="8.67289892710862"><ele>452.9</ele></trkpt><trkpt lat="47.339872913595" lon="8.672872927126821"><ele>452.8</ele></trkpt><trkpt lat="47.339946913658274" lon="8.672768927181655"><ele>452.5</ele></trkpt><trkpt lat="47.33996491367943" lon="8.672728927199994"><ele>452.4</ele></trkpt><trkpt lat="47.33996491367943" lon="8.672728927199994"><ele>452.4</ele></trkpt><trkpt lat="47.339982913721855" lon="8.67267692723643"><ele>452.2</ele></trkpt><trkpt lat="47.340001913764354" lon="8.672597927273138"><ele>452.0</ele></trkpt><trkpt lat="47.340001913764354" lon="8.672597927273138"><ele>452.0</ele></trkpt><trkpt lat="47.340020913785445" lon="8.672544927291607"><ele>451.9</ele></trkpt><trkpt lat="47.34005891387036" lon="8.672386927365018"><ele>451.5</ele></trkpt><trkpt lat="47.34008691395532" lon="8.67220292743869"><ele>451.1</ele></trkpt><trkpt lat="47.34011591401898" lon="8.672044927494133"><ele>450.8</ele></trkpt><trkpt lat="47.34015391408257" lon="8.671912927549299"><ele>450.5</ele></trkpt><trkpt lat="47.340190914124825" lon="8.671820927586092"><ele>450.3</ele></trkpt><trkpt lat="47.340245914188316" lon="8.671703927641072"><ele>450.0</ele></trkpt><trkpt lat="47.340245914188316" lon="8.671703927641072"><ele>450.0</ele></trkpt><trkpt lat="47.34027291420938" lon="8.671650927659527"><ele>449.9</ele></trkpt><trkpt lat="47.34030091423042" lon="8.671611927677834"><ele>449.8</ele></trkpt><trkpt lat="47.340345914230056" lon="8.671546927678392"><ele>449.8</ele></trkpt><trkpt lat="47.340527914249805" lon="8.671339927698087"><ele>449.7</ele></trkpt><trkpt lat="47.340527914249805" lon="8.671339927698087"><ele>449.7</ele></trkpt><trkpt lat="47.34058291424934" lon="8.67127492769863"><ele>449.7</ele></trkpt><trkpt lat="47.340810914204745" lon="8.671014927664842"><ele>449.9</ele></trkpt><trkpt lat="47.34099291418187" lon="8.67080792764859"><ele>450.0</ele></trkpt><trkpt lat="47.341220914137274" lon="8.670534927614936"><ele>450.2</ele></trkpt><trkpt lat="47.341284914115434" lon="8.67045692759762"><ele>450.3</ele></trkpt><trkpt lat="47.34130291411526" lon="8.670417927597978"><ele>450.3</ele></trkpt><trkpt lat="47.34131191411513" lon="8.670377927598356"><ele>450.3</ele></trkpt><trkpt lat="47.34131191411513" lon="8.670377927598356"><ele>450.3</ele></trkpt><trkpt lat="47.34131291411515" lon="8.670351927598613"><ele>450.3</ele></trkpt><trkpt lat="47.34130391409389" lon="8.670311927581055"><ele>450.4</ele></trkpt><trkpt lat="47.341276914094095" lon="8.670284927581372"><ele>450.4</ele></trkpt><trkpt lat="47.341232914051766" lon="8.670230927546045"><ele>450.6</ele></trkpt><trkpt lat="47.34115291400977" lon="8.670175927510801"><ele>450.8</ele></trkpt><trkpt lat="47.34107191392517" lon="8.670120927439616"><ele>451.2</ele></trkpt><trkpt lat="47.34100991386168" lon="8.670066927386355"><ele>451.5</ele></trkpt><trkpt lat="47.34098291384051" lon="8.670012927368974"><ele>451.6</ele></trkpt><trkpt lat="47.34098291384051" lon="8.670012927368974"><ele>451.6</ele></trkpt><trkpt lat="47.34101091381897" lon="8.669920927351868"><ele>451.7</ele></trkpt><trkpt lat="47.34102991381878" lon="8.66986892735235"><ele>451.7</ele></trkpt><trkpt lat="47.34103891379739" lon="8.669828927334763"><ele>451.8</ele></trkpt><trkpt lat="47.34103891379739" lon="8.669828927334763"><ele>451.8</ele></trkpt><trkpt lat="47.34106691379714" lon="8.669763927335358"><ele>451.8</ele></trkpt><trkpt lat="47.34108591375432" lon="8.669684927300171"><ele>452.0</ele></trkpt><trkpt lat="47.341104913732806" lon="8.669605927282957"><ele>452.1</ele></trkpt><trkpt lat="47.34111491366872" lon="8.669513927229946"><ele>452.4</ele></trkpt><trkpt lat="47.34111491366872" lon="8.669513927229946"><ele>452.4</ele></trkpt><trkpt lat="47.34116091366832" lon="8.669421927230786"><ele>452.4</ele></trkpt><trkpt lat="47.34121491366785" lon="8.669343927231463"><ele>452.4</ele></trkpt><trkpt lat="47.34130691368835" lon="8.669213927250555"><ele>452.3</ele></trkpt><trkpt lat="47.34144291364457" lon="8.669070927215794"><ele>452.5</ele></trkpt><trkpt lat="47.34144291364457" lon="8.669070927215794"><ele>452.5</ele></trkpt><trkpt lat="47.34152491362249" lon="8.668979927198583"><ele>452.6</ele></trkpt><trkpt lat="47.34161591360047" lon="8.66888992718135"><ele>452.7</ele></trkpt><trkpt lat="47.34168891357848" lon="8.668785927164285"><ele>452.8</ele></trkpt><trkpt lat="47.34168891357848" lon="8.668785927164285"><ele>452.8</ele></trkpt><trkpt lat="47.341798913534916" lon="8.668642927129577"><ele>453.0</ele></trkpt><trkpt lat="47.3418539135131" lon="8.668550927112427"><ele>453.1</ele></trkpt><trkpt lat="47.34189891349136" lon="8.66847292709516"><ele>453.2</ele></trkpt><trkpt lat="47.34189891349136" lon="8.66847292709516"><ele>453.2</ele></trkpt><trkpt lat="47.34192691349109" lon="8.668433927095498"><ele>453.2</ele></trkpt><trkpt lat="47.34195391349084" lon="8.668367927096103"><ele>453.2</ele></trkpt><trkpt lat="47.34198191346931" lon="8.668289927078868"><ele>453.3</ele></trkpt><trkpt lat="47.34198291338397" lon="8.668249927007402"><ele>453.7</ele></trkpt><trkpt lat="47.34198391327736" lon="8.668130926918762"><ele>454.2</ele></trkpt><trkpt lat="47.34198391327736" lon="8.668130926918762"><ele>454.2</ele></trkpt><trkpt lat="47.342038913298175" lon="8.668065926937278"><ele>454.1</ele></trkpt><trkpt lat="47.342147913275916" lon="8.667948926920284"><ele>454.2</ele></trkpt><trkpt lat="47.342147913275916" lon="8.667948926920284"><ele>454.2</ele></trkpt><trkpt lat="47.342238913253794" lon="8.66784592690318"><ele>454.3</ele></trkpt><trkpt lat="47.342329913231694" lon="8.667767926885828"><ele>454.4</ele></trkpt><trkpt lat="47.342437913230846" lon="8.667690926886403"><ele>454.4</ele></trkpt><trkpt lat="47.34257391320834" lon="8.667588926869207"><ele>454.5</ele></trkpt><trkpt lat="47.342827913142244" lon="8.667435926816378"><ele>454.8</ele></trkpt><trkpt lat="47.342827913142244" lon="8.667435926816378"><ele>454.8</ele></trkpt><trkpt lat="47.343008913119384" lon="8.667320926799233"><ele>454.9</ele></trkpt><trkpt lat="47.343008913119384" lon="8.667320926799233"><ele>454.9</ele></trkpt><trkpt lat="47.3431899130539" lon="8.667218926746028"><ele>455.2</ele></trkpt><trkpt lat="47.34332591303141" lon="8.667128926728719"><ele>455.3</ele></trkpt><trkpt lat="47.34342591300926" lon="8.667051926711341"><ele>455.4</ele></trkpt><trkpt lat="47.34342591300926" lon="8.667051926711341"><ele>455.4</ele></trkpt><trkpt lat="47.34344291296647" lon="8.667105926674846"><ele>455.6</ele></trkpt><trkpt lat="47.34344291296647" lon="8.667105926674846"><ele>455.6</ele></trkpt><trkpt lat="47.34352491302979" lon="8.667067926728961"><ele>455.3</ele></trkpt><trkpt lat="47.34357891302931" lon="8.667028926729257"><ele>455.3</ele></trkpt><trkpt lat="47.34364191302873" lon="8.666977926729647"><ele>455.3</ele></trkpt><trkpt lat="47.34374191300658" lon="8.666873926712547"><ele>455.4</ele></trkpt><trkpt lat="47.344507912786696" lon="8.66593892654091"><ele>456.4</ele></trkpt><trkpt lat="47.34468991274244" lon="8.665744926506605"><ele>456.6</ele></trkpt><trkpt lat="47.344825912741264" lon="8.665615926507652"><ele>456.6</ele></trkpt><trkpt lat="47.34498091269726" lon="8.665459926473014"><ele>456.8</ele></trkpt><trkpt lat="47.345116912632115" lon="8.665343926420054"><ele>457.1</ele></trkpt><trkpt lat="47.345116912632115" lon="8.665343926420054"><ele>457.1</ele></trkpt><trkpt lat="47.34517991267426" lon="8.66530592645624"><ele>456.9</ele></trkpt><trkpt lat="47.34521691271659" lon="8.665293926492211"><ele>456.7</ele></trkpt><trkpt lat="47.345270912780116" lon="8.665267926546253"><ele>456.4</ele></trkpt><trkpt lat="47.34533391288624" lon="8.665256926636046"><ele>455.9</ele></trkpt><trkpt lat="47.34541491303485" lon="8.665244926761737"><ele>455.2</ele></trkpt><trkpt lat="47.34568491320322" lon="8.665211926905247"><ele>454.4</ele></trkpt><trkpt lat="47.34580191322356" lon="8.665187926923231"><ele>454.3</ele></trkpt><trkpt lat="47.3459109132227" lon="8.665163926923272"><ele>454.3</ele></trkpt><trkpt lat="47.34600091322194" lon="8.665125926923485"><ele>454.3</ele></trkpt><trkpt lat="47.346199913241634" lon="8.665051926941818"><ele>454.2</ele></trkpt><trkpt lat="47.34670491347198" lon="8.664890927140053"><ele>453.1</ele></trkpt><trkpt lat="47.346831913513626" lon="8.664840927176234"><ele>452.9</ele></trkpt><trkpt lat="47.346831913513626" lon="8.664840927176234"><ele>452.9</ele></trkpt><trkpt lat="47.347156913553626" lon="8.664728927212673"><ele>452.7</ele></trkpt><trkpt lat="47.347264913531404" lon="8.664678927195014"><ele>452.8</ele></trkpt><trkpt lat="47.34737391359444" lon="8.664614927249328"><ele>452.5</ele></trkpt><trkpt lat="47.3474549136364" lon="8.664563927285604"><ele>452.3</ele></trkpt><trkpt lat="47.34755491369961" lon="8.664513927339799"><ele>452.0</ele></trkpt><trkpt lat="47.347880913931476" lon="8.664295927538916"><ele>450.9</ele></trkpt><trkpt lat="47.34816191412109" lon="8.664116927701798"><ele>450.0</ele></trkpt><trkpt lat="47.348460914331916" lon="8.66391192788286"><ele>449.0</ele></trkpt><trkpt lat="47.348460914331916" lon="8.66391192788286"><ele>449.0</ele></trkpt><trkpt lat="47.348568914394974" lon="8.66384892793716"><ele>448.7</ele></trkpt><trkpt lat="47.34873191452166" lon="8.663759928045485"><ele>448.1</ele></trkpt><trkpt lat="47.34886791460588" lon="8.663709928117559"><ele>447.7</ele></trkpt><trkpt lat="47.34891291462685" lon="8.663697928135557"><ele>447.6</ele></trkpt><trkpt lat="47.3491649147528" lon="8.663676928243044"><ele>447.0</ele></trkpt><trkpt lat="47.34920991477379" lon="8.66366492826104"><ele>446.9</ele></trkpt><trkpt lat="47.34920991477379" lon="8.66366492826104"><ele>446.9</ele></trkpt><trkpt lat="47.34924591479483" lon="8.663651928279062"><ele>446.8</ele></trkpt><trkpt lat="47.3493989148789" lon="8.663602928351093"><ele>446.4</ele></trkpt><trkpt lat="47.34956991500551" lon="8.66359392845861"><ele>445.8</ele></trkpt><trkpt lat="47.34965091504757" lon="8.663581928494494"><ele>445.6</ele></trkpt><trkpt lat="47.34971491506839" lon="8.66355692851258"><ele>445.5</ele></trkpt><trkpt lat="47.349795915110406" lon="8.663532928548587"><ele>445.3</ele></trkpt><trkpt lat="47.34991391515211" lon="8.663468928584916"><ele>445.1</ele></trkpt><trkpt lat="47.3500219151725" lon="8.663391928603426"><ele>445.0</ele></trkpt><trkpt lat="47.350130915150245" lon="8.663275928586408"><ele>445.1</ele></trkpt><trkpt lat="47.35028591508493" lon="8.663080928534171"><ele>445.4</ele></trkpt><trkpt lat="47.35044091504094" lon="8.662885928499888"><ele>445.6</ele></trkpt><trkpt lat="47.350514914997625" lon="8.662781928464867"><ele>445.8</ele></trkpt><trkpt lat="47.35055991495455" lon="8.662689928429772"><ele>446.0</ele></trkpt><trkpt lat="47.3506249148473" lon="8.662545928341297"><ele>446.5</ele></trkpt><trkpt lat="47.350679914761464" lon="8.662401928270794"><ele>446.9</ele></trkpt><trkpt lat="47.350679914761464" lon="8.662401928270794"><ele>446.9</ele></trkpt><trkpt lat="47.35072691471834" lon="8.662282928235967"><ele>447.1</ele></trkpt><trkpt lat="47.3507819146752" lon="8.662191928200853"><ele>447.3</ele></trkpt><trkpt lat="47.35089091456756" lon="8.662048928112295"><ele>447.8</ele></trkpt><trkpt lat="47.351136914330745" lon="8.66174992791731"><ele>448.9</ele></trkpt><trkpt lat="47.35136491400872" lon="8.661437927650688"><ele>450.4</ele></trkpt><trkpt lat="47.35145591385859" lon="8.661346927525754"><ele>451.1</ele></trkpt><trkpt lat="47.35166491345138" lon="8.66115292718621"><ele>453.0</ele></trkpt><trkpt lat="47.35171991340824" lon="8.661101927150717"><ele>453.2</ele></trkpt><trkpt lat="47.35171991340824" lon="8.661101927150717"><ele>453.2</ele></trkpt><trkpt lat="47.35174691342933" lon="8.661075927168875"><ele>453.1</ele></trkpt><trkpt lat="47.35177391349315" lon="8.661076927222672"><ele>452.8</ele></trkpt><trkpt lat="47.35192591374798" lon="8.661119927437388"><ele>451.6</ele></trkpt><trkpt lat="47.35197991383287" lon="8.661120927509089"><ele>451.2</ele></trkpt><trkpt lat="47.35208791398144" lon="8.661122927634537"><ele>450.5</ele></trkpt><trkpt lat="47.35219591412992" lon="8.661112927760104"><ele>449.8</ele></trkpt><trkpt lat="47.3522409141509" lon="8.661113927777963"><ele>449.7</ele></trkpt><trkpt lat="47.35229491417175" lon="8.661101927795933"><ele>449.6</ele></trkpt><trkpt lat="47.35229491417175" lon="8.661101927795933"><ele>449.6</ele></trkpt><trkpt lat="47.35233191417147" lon="8.661075927796121"><ele>449.6</ele></trkpt><trkpt lat="47.352367914192506" lon="8.661063927814128"><ele>449.5</ele></trkpt><trkpt lat="47.352367914192506" lon="8.661063927814128"><ele>449.5</ele></trkpt><trkpt lat="47.35241291419212" lon="8.661050927814175"><ele>449.5</ele></trkpt><trkpt lat="47.35256591419089" lon="8.66102792781412"><ele>449.5</ele></trkpt><trkpt lat="47.35256591419089" lon="8.66102792781412"><ele>449.5</ele></trkpt><trkpt lat="47.35278191412512" lon="8.660980927760336"><ele>449.8</ele></trkpt><trkpt lat="47.35284591408192" lon="8.660968927724433"><ele>450.0</ele></trkpt><trkpt lat="47.35296291399558" lon="8.660917927652916"><ele>450.4</ele></trkpt><trkpt lat="47.35307991390921" lon="8.660880927581264"><ele>450.8</ele></trkpt><trkpt lat="47.35316191388717" lon="8.660843927563525"><ele>450.9</ele></trkpt><trkpt lat="47.35316191388717" lon="8.660843927563525"><ele>450.9</ele></trkpt><trkpt lat="47.353260913886395" lon="8.660765927564121"><ele>450.9</ele></trkpt><trkpt lat="47.353342913949746" lon="8.660701927618462"><ele>450.6</ele></trkpt><trkpt lat="47.35361591433153" lon="8.660429927943781"><ele>448.8</ele></trkpt><trkpt lat="47.353670914331104" lon="8.660364927944324"><ele>448.8</ele></trkpt><trkpt lat="47.35368891430958" lon="8.660312927926855"><ele>448.9</ele></trkpt><trkpt lat="47.35369891430948" lon="8.660259927927354"><ele>448.9</ele></trkpt><trkpt lat="47.35369891426677" lon="8.660180927892243"><ele>449.1</ele></trkpt><trkpt lat="47.35369091424547" lon="8.660127927874832"><ele>449.2</ele></trkpt><trkpt lat="47.353603913861875" lon="8.659873927554408"><ele>451.0</ele></trkpt><trkpt lat="47.35358591371262" lon="8.659807927429453"><ele>451.7</ele></trkpt><trkpt lat="47.35358591371262" lon="8.659807927429453"><ele>451.7</ele></trkpt><trkpt lat="47.35363191369083" lon="8.659755927411933"><ele>451.8</ele></trkpt><trkpt lat="47.35367691377586" lon="8.659716927484041"><ele>451.4</ele></trkpt><trkpt lat="47.35416691392116" lon="8.659396927611963"><ele>450.7</ele></trkpt><trkpt lat="47.3543119139413" lon="8.65929492763066"><ele>450.6</ele></trkpt><trkpt lat="47.35447491393989" lon="8.659192927631373"><ele>450.6</ele></trkpt><trkpt lat="47.354655913981084" lon="8.659063927668221"><ele>450.4</ele></trkpt><trkpt lat="47.35480991404383" lon="8.658974927722664"><ele>450.1</ele></trkpt><trkpt lat="47.35489091406453" lon="8.6589109277411"><ele>450.0</ele></trkpt><trkpt lat="47.35497291408517" lon="8.658859927759401"><ele>449.9</ele></trkpt><trkpt lat="47.35503591410594" lon="8.65879492777788"><ele>449.8</ele></trkpt><trkpt lat="47.35519091419004" lon="8.658626927851047"><ele>449.4</ele></trkpt><trkpt lat="47.35529091431725" lon="8.65852292795958"><ele>448.8</ele></trkpt><trkpt lat="47.35540091450842" lon="8.658392928122181"><ele>447.9</ele></trkpt><trkpt lat="47.35548191463583" lon="8.658301928230614"><ele>447.3</ele></trkpt><trkpt lat="47.35555491465654" lon="8.658237928249058"><ele>447.2</ele></trkpt><trkpt lat="47.35564591465578" lon="8.65815992824966"><ele>447.2</ele></trkpt><trkpt lat="47.35568191465549" lon="8.65812192824997"><ele>447.2</ele></trkpt><trkpt lat="47.35570991463389" lon="8.65806892823249"><ele>447.3</ele></trkpt><trkpt lat="47.35574691456948" lon="8.657963928179623"><ele>447.6</ele></trkpt><trkpt lat="47.35578391452647" lon="8.657898928144306"><ele>447.8</ele></trkpt><trkpt lat="47.355819914462145" lon="8.657846928090917"><ele>448.1</ele></trkpt><trkpt lat="47.35604791416129" lon="8.657573927841966"><ele>449.5</ele></trkpt><trkpt lat="47.35618491407475" lon="8.657391927771739"><ele>449.9</ele></trkpt><trkpt lat="47.35662191413506" lon="8.656871927829929"><ele>449.6</ele></trkpt><trkpt lat="47.35693191417507" lon="8.656494927868977"><ele>449.4</ele></trkpt><trkpt lat="47.357058914195306" lon="8.65636592788797"><ele>449.3</ele></trkpt><trkpt lat="47.35718591423697" lon="8.656249927924769"><ele>449.1</ele></trkpt><trkpt lat="47.35725891425771" lon="8.656184927943222"><ele>449.0</ele></trkpt><trkpt lat="47.35725891425771" lon="8.656184927943222"><ele>449.0</ele></trkpt><trkpt lat="47.35734091438511" lon="8.656107928051483"><ele>448.4</ele></trkpt><trkpt lat="47.35734091438511" lon="8.656107928051483"><ele>448.4</ele></trkpt><trkpt lat="47.3574679147043" lon="8.655990928321534"><ele>446.9</ele></trkpt><trkpt lat="47.357603914959384" lon="8.655888928537584"><ele>445.7</ele></trkpt><trkpt lat="47.3577759151501" lon="8.655759928700007"><ele>444.8</ele></trkpt><trkpt lat="47.35790291527713" lon="8.655669928808306"><ele>444.2</ele></trkpt><trkpt lat="47.358010915383005" lon="8.655619928898306"><ele>443.7</ele></trkpt><trkpt lat="47.35810191544631" lon="8.655568928952462"><ele>443.4</ele></trkpt><trkpt lat="47.35822891550934" lon="8.655478929006923"><ele>443.1</ele></trkpt><trkpt lat="47.35832891557256" lon="8.655401929061318"><ele>442.8</ele></trkpt><trkpt lat="47.35844691565697" lon="8.655298929133874"><ele>442.4</ele></trkpt><trkpt lat="47.35856491572003" lon="8.655168929188745"><ele>442.1</ele></trkpt><trkpt lat="47.35867391576183" lon="8.655051929225564"><ele>441.9</ele></trkpt><trkpt lat="47.35877391580371" lon="8.654935929262393"><ele>441.7</ele></trkpt><trkpt lat="47.35889291576002" lon="8.654792929227689"><ele>441.9</ele></trkpt><trkpt lat="47.35901991571623" lon="8.654623929193228"><ele>442.1</ele></trkpt><trkpt lat="47.359147915629705" lon="8.654427929123147"><ele>442.5</ele></trkpt><trkpt lat="47.35938591535005" lon="8.65404892889322"><ele>443.8</ele></trkpt><trkpt lat="47.35946791524262" lon="8.653931928804528"><ele>444.3</ele></trkpt><trkpt lat="47.35949591522101" lon="8.65387992878705"><ele>444.4</ele></trkpt><trkpt lat="47.35949591522101" lon="8.65387992878705"><ele>444.4</ele></trkpt><trkpt lat="47.35949591519963" lon="8.653852928769375"><ele>444.5</ele></trkpt><trkpt lat="47.35946091513581" lon="8.65377292871641"><ele>444.8</ele></trkpt><trkpt lat="47.35946091513581" lon="8.65377292871641"><ele>444.8</ele></trkpt><trkpt lat="47.359542915177855" lon="8.653708928752762"><ele>444.6</ele></trkpt><trkpt lat="47.3596059151987" lon="8.653669928770968"><ele>444.5</ele></trkpt><trkpt lat="47.3596879152407" lon="8.65360592880732"><ele>444.3</ele></trkpt><trkpt lat="47.359841915282146" lon="8.65350392884391"><ele>444.1</ele></trkpt><trkpt lat="47.359841915282146" lon="8.65350392884391"><ele>444.1</ele></trkpt><trkpt lat="47.36001391534481" lon="8.65341492889828"><ele>443.8</ele></trkpt><trkpt lat="47.36001391534481" lon="8.65341492889828"><ele>443.8</ele></trkpt><trkpt lat="47.36023991536431" lon="8.65331392891679"><ele>443.7</ele></trkpt><trkpt lat="47.36070991525373" lon="8.65309992882835"><ele>444.2</ele></trkpt><trkpt lat="47.36093591514503" lon="8.652985928739378"><ele>444.7</ele></trkpt><trkpt lat="47.36093591514503" lon="8.652985928739378"><ele>444.7</ele></trkpt><trkpt lat="47.36098091512334" lon="8.652973928721476"><ele>444.8</ele></trkpt><trkpt lat="47.36098091512334" lon="8.652973928721476"><ele>444.8</ele></trkpt><trkpt lat="47.36099891512321" lon="8.65300092872118"><ele>444.8</ele></trkpt><trkpt lat="47.36100691512313" lon="8.65302692872091"><ele>444.8</ele></trkpt><trkpt lat="47.36105191518687" lon="8.6530409287745"><ele>444.5</ele></trkpt><trkpt lat="47.36111491531451" lon="8.653055928881853"><ele>443.9</ele></trkpt><trkpt lat="47.361168915378165" lon="8.653043928935686"><ele>443.6</ele></trkpt><trkpt lat="47.36124991535612" lon="8.652992928918096"><ele>443.7</ele></trkpt><trkpt lat="47.36124991535612" lon="8.652992928918096"><ele>443.7</ele></trkpt><trkpt lat="47.361448915269094" lon="8.652904928846857"><ele>444.1</ele></trkpt><trkpt lat="47.36158491518255" lon="8.652841928775484"><ele>444.5</ele></trkpt><trkpt lat="47.36169291511756" lon="8.652777928722102"><ele>444.8</ele></trkpt><trkpt lat="47.36184791509492" lon="8.652661928705026"><ele>444.9</ele></trkpt><trkpt lat="47.36196591517939" lon="8.652558928777559"><ele>444.5</ele></trkpt><trkpt lat="47.36210191534911" lon="8.652455928921798"><ele>443.7</ele></trkpt><trkpt lat="47.362219915454936" lon="8.652352929012261"><ele>443.2</ele></trkpt><trkpt lat="47.36231091549686" lon="8.652262929048844"><ele>443.0</ele></trkpt><trkpt lat="47.36236491549644" lon="8.65219792904938"><ele>443.0</ele></trkpt><trkpt lat="47.362483915431305" lon="8.65202792899702"><ele>443.3</ele></trkpt><trkpt lat="47.36264891525899" lon="8.651740928856057"><ele>444.1</ele></trkpt><trkpt lat="47.36271291519441" lon="8.651622928803304"><ele>444.4</ele></trkpt><trkpt lat="47.36281391519352" lon="8.651479928804514"><ele>444.4</ele></trkpt><trkpt lat="47.36312391510542" lon="8.651089928736042"><ele>444.8</ele></trkpt><trkpt lat="47.363186915040835" lon="8.650997928683038"><ele>445.1</ele></trkpt><trkpt lat="47.363186915040835" lon="8.650997928683038"><ele>445.1</ele></trkpt><trkpt lat="47.36343291493194" lon="8.650698928595865"><ele>445.6</ele></trkpt><trkpt lat="47.36364291488735" lon="8.65041292856243"><ele>445.8</ele></trkpt><trkpt lat="47.363870914864115" lon="8.650126928546896"><ele>445.9</ele></trkpt><trkpt lat="47.364071914798295" lon="8.649866928495298"><ele>446.2</ele></trkpt><trkpt lat="47.364435914581506" lon="8.649410928319835"><ele>447.2</ele></trkpt><trkpt lat="47.364572914430816" lon="8.649241928195758"><ele>447.9</ele></trkpt><trkpt lat="47.364572914430816" lon="8.649241928195758"><ele>447.9</ele></trkpt><trkpt lat="47.364764914471884" lon="8.648994928233703"><ele>447.7</ele></trkpt><trkpt lat="47.364919914598765" lon="8.648799928342903"><ele>447.1</ele></trkpt><trkpt lat="47.36506491468297" lon="8.648630928416008"><ele>446.7</ele></trkpt><trkpt lat="47.36519291470325" lon="8.648474928435235"><ele>446.6</ele></trkpt><trkpt lat="47.36531991474494" lon="8.648358928471998"><ele>446.4</ele></trkpt><trkpt lat="47.36545591476516" lon="8.648229928490947"><ele>446.3</ele></trkpt><trkpt lat="47.365646914742165" lon="8.648061928474325"><ele>446.4</ele></trkpt><trkpt lat="47.36646291452168" lon="8.64740492830006"><ele>447.4</ele></trkpt><trkpt lat="47.36657191454212" lon="8.64734192831841"><ele>447.3</ele></trkpt><trkpt lat="47.36670791449829" lon="8.647251928283199"><ele>447.5</ele></trkpt><trkpt lat="47.36680691445472" lon="8.647200928247674"><ele>447.7</ele></trkpt><trkpt lat="47.366951914389425" lon="8.647151928194122"><ele>448.0</ele></trkpt><trkpt lat="47.36710491436681" lon="8.647101928176411"><ele>448.1</ele></trkpt><trkpt lat="47.367249914365594" lon="8.647038928176771"><ele>448.1</ele></trkpt><trkpt lat="47.36737591432182" lon="8.646988928141191"><ele>448.3</ele></trkpt><trkpt lat="47.36746691427832" lon="8.64692492810581"><ele>448.5</ele></trkpt><trkpt lat="47.36746691427832" lon="8.64692492810581"><ele>448.5</ele></trkpt><trkpt lat="47.36760291425581" lon="8.646808928088786"><ele>448.6</ele></trkpt><trkpt lat="47.36771191421216" lon="8.64670492805377"><ele>448.8</ele></trkpt><trkpt lat="47.36785791423231" lon="8.646549928072956"><ele>448.7</ele></trkpt><trkpt lat="47.36798491435938" lon="8.646380928181927"><ele>448.1</ele></trkpt><trkpt lat="47.36808591444403" lon="8.646263928254585"><ele>447.7</ele></trkpt><trkpt lat="47.36814991450756" lon="8.646145928309396"><ele>447.4</ele></trkpt><trkpt lat="47.36814991450756" lon="8.646145928309396"><ele>447.4</ele></trkpt><trkpt lat="47.368113914529246" lon="8.646091928327918"><ele>447.3</ele></trkpt><trkpt lat="47.368113914529246" lon="8.646091928327918"><ele>447.3</ele></trkpt><trkpt lat="47.36815991457158" lon="8.646013928364445"><ele>447.1</ele></trkpt><trkpt lat="47.368260914634796" lon="8.645830928419826"><ele>446.8</ele></trkpt><trkpt lat="47.368352914676755" lon="8.645646928457314"><ele>446.6</ele></trkpt><trkpt lat="47.368379914676495" lon="8.645594928457774"><ele>446.6</ele></trkpt><trkpt lat="47.368379914676495" lon="8.645594928457774"><ele>446.6</ele></trkpt><trkpt lat="47.368416914697505" lon="8.645489928476659"><ele>446.5</ele></trkpt><trkpt lat="47.36844491471863" lon="8.64541092849531"><ele>446.4</ele></trkpt><trkpt lat="47.36844491471863" lon="8.64541092849531"><ele>446.4</ele></trkpt><trkpt lat="47.3684899147183" lon="8.645477928494563"><ele>446.4</ele></trkpt><trkpt lat="47.3684899147183" lon="8.645477928494563"><ele>446.4</ele></trkpt><trkpt lat="47.36851691471804" lon="8.64539992849528"><ele>446.4</ele></trkpt><trkpt lat="47.36851691471804" lon="8.64539992849528"><ele>446.4</ele></trkpt><trkpt lat="47.368581914760206" lon="8.645228928532688"><ele>446.2</ele></trkpt><trkpt lat="47.368692914844694" lon="8.644899928607392"><ele>445.8</ele></trkpt><trkpt lat="47.36874991486547" lon="8.644702928627142"><ele>445.7</ele></trkpt><trkpt lat="47.36875891486541" lon="8.644663928627507"><ele>445.7</ele></trkpt><trkpt lat="47.36875891486541" lon="8.644663928627507"><ele>445.7</ele></trkpt><trkpt lat="47.368796914865065" lon="8.644505928628988"><ele>445.7</ele></trkpt><trkpt lat="47.36881491486489" lon="8.644439928629605"><ele>445.7</ele></trkpt><trkpt lat="47.36892491488528" lon="8.644216928649511"><ele>445.6</ele></trkpt><trkpt lat="47.36909891488377" lon="8.64396992865162"><ele>445.6</ele></trkpt><trkpt lat="47.36920891486147" lon="8.643812928635043"><ele>445.7</ele></trkpt><trkpt lat="47.36920891486147" lon="8.643812928635043"><ele>445.7</ele></trkpt><trkpt lat="47.36929091483938" lon="8.643708928618004"><ele>445.8</ele></trkpt><trkpt lat="47.36953591481596" lon="8.643488928601807"><ele>445.9</ele></trkpt><trkpt lat="47.36953591481596" lon="8.643488928601807"><ele>445.9</ele></trkpt><trkpt lat="47.3695809147942" lon="8.643423928584443"><ele>446.0</ele></trkpt><trkpt lat="47.36963591481508" lon="8.643345928603024"><ele>445.9</ele></trkpt><trkpt lat="47.36974591479279" lon="8.643189928586443"><ele>446.0</ele></trkpt><trkpt lat="47.36982791477074" lon="8.643032928569923"><ele>446.1</ele></trkpt><trkpt lat="47.369901914748674" lon="8.642861928553554"><ele>446.2</ele></trkpt><trkpt lat="47.369938914705514" lon="8.642730928518942"><ele>446.4</ele></trkpt><trkpt lat="47.369938914705514" lon="8.642730928518942"><ele>446.4</ele></trkpt><trkpt lat="47.36996691468394" lon="8.64265192850176"><ele>446.5</ele></trkpt><trkpt lat="47.36996691468394" lon="8.64265192850176"><ele>446.5</ele></trkpt><trkpt lat="47.369931914684194" lon="8.642624928502089"><ele>446.5</ele></trkpt><trkpt lat="47.369931914684194" lon="8.642624928502089"><ele>446.5</ele></trkpt><trkpt lat="47.3699599147053" lon="8.642505928521121"><ele>446.4</ele></trkpt><trkpt lat="47.3699599147053" lon="8.642505928521121"><ele>446.4</ele></trkpt><trkpt lat="47.36998791464091" lon="8.642386928468502"><ele>446.7</ele></trkpt><trkpt lat="47.36998791464091" lon="8.642386928468502"><ele>446.7</ele></trkpt><trkpt lat="47.37013791448984" lon="8.641820928348421"><ele>447.4</ele></trkpt><trkpt lat="47.37013791448984" lon="8.641820928348421"><ele>447.4</ele></trkpt><trkpt lat="47.370191914510784" lon="8.641848928365956"><ele>447.3</ele></trkpt><trkpt lat="47.370280914552836" lon="8.641903928401074"><ele>447.1</ele></trkpt><trkpt lat="47.37035191459501" lon="8.641958928436226"><ele>446.9</ele></trkpt><trkpt lat="47.37042391463726" lon="8.642026928471253"><ele>446.7</ele></trkpt><trkpt lat="47.37051191472209" lon="8.64214792854155"><ele>446.3</ele></trkpt><trkpt lat="47.370644914806626" lon="8.64233592861111"><ele>445.9</ele></trkpt><trkpt lat="47.37080491486953" lon="8.642498928662963"><ele>445.6</ele></trkpt><trkpt lat="47.37080491486953" lon="8.642498928662963"><ele>445.6</ele></trkpt><trkpt lat="47.37088791486878" lon="8.642367928664093"><ele>445.6</ele></trkpt><trkpt lat="47.371061914824544" lon="8.64205392863104"><ele>445.8</ele></trkpt><trkpt lat="47.371061914824544" lon="8.64205392863104"><ele>445.8</ele></trkpt><trkpt lat="47.37120891480181" lon="8.641792928615423"><ele>445.9</ele></trkpt><trkpt lat="47.371427914693044" lon="8.641426928529064"><ele>446.4</ele></trkpt><trkpt lat="47.371427914693044" lon="8.641426928529064"><ele>446.4</ele></trkpt><trkpt lat="47.37146491469276" lon="8.641361928529637"><ele>446.4</ele></trkpt><trkpt lat="47.37146491469276" lon="8.641361928529637"><ele>446.4</ele></trkpt><trkpt lat="47.37164791458428" lon="8.641087928442449"><ele>446.9</ele></trkpt><trkpt lat="47.37165691458419" lon="8.641060928442698"><ele>446.9</ele></trkpt><trkpt lat="47.37165691458419" lon="8.641060928442698"><ele>446.9</ele></trkpt><trkpt lat="47.37195791441052" lon="8.640617928303234"><ele>447.7</ele></trkpt><trkpt lat="47.37195791441052" lon="8.640617928303234"><ele>447.7</ele></trkpt><trkpt lat="47.37208591434532" lon="8.640421928251207"><ele>448.0</ele></trkpt><trkpt lat="47.37208591434532" lon="8.640421928251207"><ele>448.0</ele></trkpt><trkpt lat="47.37237991444994" lon="8.640759928336884"><ele>447.5</ele></trkpt><trkpt lat="47.37242391447102" lon="8.640800928354311"><ele>447.4</ele></trkpt><trkpt lat="47.37242391447102" lon="8.640800928354311"><ele>447.4</ele></trkpt><trkpt lat="47.37253091451298" lon="8.64090892838887"><ele>447.2</ele></trkpt><trkpt lat="47.37253091451298" lon="8.64090892838887"><ele>447.2</ele></trkpt><trkpt lat="47.37254891451282" lon="8.640935928388572"><ele>447.2</ele></trkpt><trkpt lat="47.3726289145336" lon="8.641016928405538"><ele>447.1</ele></trkpt><trkpt lat="47.372708914554366" lon="8.641097928422504"><ele>447.0</ele></trkpt><trkpt lat="47.372708914554366" lon="8.641097928422504"><ele>447.0</ele></trkpt><trkpt lat="47.37280691459636" lon="8.641152928457604"><ele>446.8</ele></trkpt><trkpt lat="47.372950914638025" lon="8.641222928492473"><ele>446.6</ele></trkpt><trkpt lat="47.37303091465874" lon="8.641277928509696"><ele>446.5</ele></trkpt><trkpt lat="47.37311991467944" lon="8.641332928526909"><ele>446.4</ele></trkpt><trkpt lat="47.37328091478511" lon="8.6414419286151"><ele>445.9</ele></trkpt><trkpt lat="47.37328091478511" lon="8.6414419286151"><ele>445.9</ele></trkpt><trkpt lat="47.373280914785134" lon="8.64146892861484"><ele>445.9</ele></trkpt><trkpt lat="47.3732809148065" lon="8.641494928632495"><ele>445.8</ele></trkpt><trkpt lat="47.3732799148065" lon="8.641507928632368"><ele>445.8</ele></trkpt><trkpt lat="47.37328891482789" lon="8.64153492865"><ele>445.7</ele></trkpt><trkpt lat="47.37328891482789" lon="8.64153492865"><ele>445.7</ele></trkpt><trkpt lat="47.373297914827766" lon="8.64154892864984"><ele>445.7</ele></trkpt><trkpt lat="47.373306914827715" lon="8.641561928649702"><ele>445.7</ele></trkpt><trkpt lat="47.37332491482758" lon="8.64157592864953"><ele>445.7</ele></trkpt><trkpt lat="47.37333391482748" lon="8.641575928649512"><ele>445.7</ele></trkpt><trkpt lat="47.373351914827346" lon="8.64157592864948"><ele>445.7</ele></trkpt><trkpt lat="47.37336991482719" lon="8.641562928649577"><ele>445.7</ele></trkpt><trkpt lat="47.37337891480578" lon="8.641549928631774"><ele>445.8</ele></trkpt><trkpt lat="47.37339691480558" lon="8.641537928631857"><ele>445.8</ele></trkpt><trkpt lat="47.37339691480558" lon="8.641537928631857"><ele>445.8</ele></trkpt><trkpt lat="47.37346791480505" lon="8.641604928631073"><ele>445.8</ele></trkpt><trkpt lat="47.37353091484732" lon="8.641672928666114"><ele>445.6</ele></trkpt><trkpt lat="47.37362791491076" lon="8.641780928718616"><ele>445.3</ele></trkpt><trkpt lat="47.37362791491076" lon="8.641780928718616"><ele>445.3</ele></trkpt><trkpt lat="47.37360091493239" lon="8.6418599287358"><ele>445.2</ele></trkpt><trkpt lat="47.37360091493239" lon="8.6418599287358"><ele>445.2</ele></trkpt><trkpt lat="47.373680914974564" lon="8.64194092877069"><ele>445.0</ele></trkpt><trkpt lat="47.373680914974564" lon="8.64194092877069"><ele>445.0</ele></trkpt><trkpt lat="47.37439191537545" lon="8.642711929102232"><ele>443.1</ele></trkpt><trkpt lat="47.37439191537545" lon="8.642711929102232"><ele>443.1</ele></trkpt><trkpt lat="47.37440191533261" lon="8.642645929067028"><ele>443.3</ele></trkpt><trkpt lat="47.37440191533261" lon="8.642645929067028"><ele>443.3</ele></trkpt><trkpt lat="47.37481091554335" lon="8.643078929241222"><ele>442.3</ele></trkpt><trkpt lat="47.37481091554335" lon="8.643078929241222"><ele>442.3</ele></trkpt><trkpt lat="47.37513991566916" lon="8.643443929344576"><ele>441.7</ele></trkpt><trkpt lat="47.37513991566916" lon="8.643443929344576"><ele>441.7</ele></trkpt><trkpt lat="47.37511291569081" lon="8.643495929362034"><ele>441.6</ele></trkpt><trkpt lat="47.37511291569081" lon="8.643495929362034"><ele>441.6</ele></trkpt><trkpt lat="47.37513891569064" lon="8.643549929361463"><ele>441.6</ele></trkpt><trkpt lat="47.37529891573218" lon="8.6437259293953"><ele>441.4</ele></trkpt><trkpt lat="47.37533491573195" lon="8.643778929394719"><ele>441.4</ele></trkpt><trkpt lat="47.37539691575287" lon="8.643873929411605"><ele>441.3</ele></trkpt><trkpt lat="47.37548591577355" lon="8.64398192942831"><ele>441.2</ele></trkpt><trkpt lat="47.375796915856824" lon="8.644319929496145"><ele>440.8</ele></trkpt><trkpt lat="47.37587691587759" lon="8.644400929513136"><ele>440.7</ele></trkpt><trkpt lat="47.37587691587759" lon="8.644400929513136"><ele>440.7</ele></trkpt><trkpt lat="47.37596491591976" lon="8.644587929547003"><ele>440.5</ele></trkpt><trkpt lat="47.3759999158981" lon="8.644641929528495"><ele>440.6</ele></trkpt><trkpt lat="47.37604491589775" lon="8.644669929528144"><ele>440.6</ele></trkpt><trkpt lat="47.37609891589731" lon="8.64468392952791"><ele>440.6</ele></trkpt><trkpt lat="47.376152915896874" lon="8.644684929527806"><ele>440.6</ele></trkpt><trkpt lat="47.37620691591785" lon="8.64469992954548"><ele>440.5</ele></trkpt><trkpt lat="47.37626891591737" lon="8.644727929545098"><ele>440.5</ele></trkpt><trkpt lat="47.3763319159169" lon="8.64478192954446"><ele>440.5</ele></trkpt><trkpt lat="47.37659991591487" lon="8.64497292954213"><ele>440.5</ele></trkpt><trkpt lat="47.37670691591406" lon="8.645068929541003"><ele>440.5</ele></trkpt><trkpt lat="47.37705391591146" lon="8.645393929537226"><ele>440.5</ele></trkpt><trkpt lat="47.377160915932016" lon="8.645475929554165"><ele>440.4</ele></trkpt><trkpt lat="47.377267915952615" lon="8.645557929571096"><ele>440.3</ele></trkpt><trkpt lat="47.37740191599431" lon="8.645653929605773"><ele>440.1</ele></trkpt><trkpt lat="47.377606916078356" lon="8.645803929675646"><ele>439.7</ele></trkpt><trkpt lat="47.37834891632936" lon="8.64632392988438"><ele>438.5</ele></trkpt><trkpt lat="47.378428916350146" lon="8.646378929901635"><ele>438.4</ele></trkpt><trkpt lat="47.378517916349494" lon="8.646446929900819"><ele>438.4</ele></trkpt><trkpt lat="47.378740916305" lon="8.64666392986247"><ele>438.6</ele></trkpt><trkpt lat="47.378740916305" lon="8.64666392986247"><ele>438.6</ele></trkpt><trkpt lat="47.37878591628328" lon="8.646598929845096"><ele>438.7</ele></trkpt><trkpt lat="47.37878591628328" lon="8.646598929845096"><ele>438.7</ele></trkpt><trkpt lat="47.37881291626166" lon="8.646625929826858"><ele>438.8</ele></trkpt><trkpt lat="47.37881291626166" lon="8.646625929826858"><ele>438.8</ele></trkpt><trkpt lat="47.37888391630392" lon="8.6467069298618"><ele>438.6</ele></trkpt><trkpt lat="47.37888391630392" lon="8.6467069298618"><ele>438.6</ele></trkpt><trkpt lat="47.3789549163248" lon="8.646800929878696"><ele>438.5</ele></trkpt><trkpt lat="47.3789549163248" lon="8.646800929878696"><ele>438.5</ele></trkpt><trkpt lat="47.37899091632452" lon="8.646841929878232"><ele>438.5</ele></trkpt><trkpt lat="47.37899091632452" lon="8.646841929878232"><ele>438.5</ele></trkpt><trkpt lat="47.378953916346234" lon="8.646893929895722"><ele>438.4</ele></trkpt><trkpt lat="47.378953916346234" lon="8.646893929895722"><ele>438.4</ele></trkpt><trkpt lat="47.37901591638855" lon="8.646987929930557"><ele>438.2</ele></trkpt><trkpt lat="47.37918491638733" lon="8.647243929927786"><ele>438.2</ele></trkpt><trkpt lat="47.379254916386806" lon="8.647363929926506"><ele>438.2</ele></trkpt><trkpt lat="47.37933491634344" lon="8.647498929889203"><ele>438.4</ele></trkpt><trkpt lat="47.37938691627895" lon="8.647631929834043"><ele>438.7</ele></trkpt><trkpt lat="47.37944891621432" lon="8.647778929778724"><ele>439.0</ele></trkpt><trkpt lat="47.37950091617119" lon="8.647925929741346"><ele>439.2</ele></trkpt><trkpt lat="47.379543916128135" lon="8.648085929703866"><ele>439.4</ele></trkpt><trkpt lat="47.3795789160851" lon="8.64823292966652"><ele>439.6</ele></trkpt><trkpt lat="47.37961291604213" lon="8.648391929629062"><ele>439.8</ele></trkpt><trkpt lat="47.37963791602059" lon="8.648564929609407"><ele>439.9</ele></trkpt><trkpt lat="47.37965491597775" lon="8.64873792957184"><ele>440.1</ele></trkpt><trkpt lat="47.37967791593491" lon="8.649121929532217"><ele>440.3</ele></trkpt><trkpt lat="47.37967591591361" lon="8.649227929513259"><ele>440.4</ele></trkpt><trkpt lat="47.379675915913595" lon="8.64930692951249"><ele>440.4</ele></trkpt><trkpt lat="47.379665915913726" lon="8.649399929511608"><ele>440.4</ele></trkpt><trkpt lat="47.37965591589247" lon="8.6494919294928"><ele>440.5</ele></trkpt><trkpt lat="47.37965491587109" lon="8.64957192947409"><ele>440.6</ele></trkpt><trkpt lat="47.37966291584969" lon="8.649637929455503"><ele>440.7</ele></trkpt><trkpt lat="47.37967991582818" lon="8.649730929436638"><ele>440.8</ele></trkpt><trkpt lat="47.3796969158067" lon="8.649823929417769"><ele>440.9</ele></trkpt><trkpt lat="47.37973191580649" lon="8.64993092941667"><ele>440.9</ele></trkpt><trkpt lat="47.37973191580649" lon="8.64993092941667"><ele>440.9</ele></trkpt><trkpt lat="47.37977691582751" lon="8.649918929434639"><ele>440.8</ele></trkpt><trkpt lat="47.37977691582751" lon="8.649918929434639"><ele>440.8</ele></trkpt><trkpt lat="47.37978391578472" lon="8.650077929397211"><ele>441.0</ele></trkpt><trkpt lat="47.37982491569899" lon="8.650475929321532"><ele>441.4</ele></trkpt><trkpt lat="47.37984991565609" lon="8.650727929283166"><ele>441.6</ele></trkpt><trkpt lat="47.37986591561326" lon="8.650900929245578"><ele>441.8</ele></trkpt><trkpt lat="47.379863915591976" lon="8.651059929226102"><ele>441.9</ele></trkpt><trkpt lat="47.37985291554932" lon="8.651231929188567"><ele>442.1</ele></trkpt><trkpt lat="47.3798429155067" lon="8.651403929151035"><ele>442.3</ele></trkpt><trkpt lat="47.3798229154855" lon="8.651561929131596"><ele>442.4</ele></trkpt><trkpt lat="47.37982191548555" lon="8.651667929130568"><ele>442.4</ele></trkpt><trkpt lat="47.37983791552828" lon="8.651813929164993"><ele>442.2</ele></trkpt><trkpt lat="47.37983791552828" lon="8.651813929164993"><ele>442.2</ele></trkpt><trkpt lat="47.37986491559229" lon="8.651880929218109"><ele>441.9</ele></trkpt><trkpt lat="47.37989991565617" lon="8.651934929271336"><ele>441.6</ele></trkpt><trkpt lat="47.37993491572014" lon="8.651988929324565"><ele>441.3</ele></trkpt><trkpt lat="47.37993491572014" lon="8.651988929324565"><ele>441.3</ele></trkpt><trkpt lat="47.3798979156777" lon="8.652146929287218"><ele>441.5</ele></trkpt><trkpt lat="47.3798979156777" lon="8.652146929287218"><ele>441.5</ele></trkpt><trkpt lat="47.37982291552862" lon="8.65243592915896"><ele>442.2</ele></trkpt><trkpt lat="47.37973891535828" lon="8.652725929012758"><ele>443.0</ele></trkpt><trkpt lat="47.37964591518804" lon="8.653027928866447"><ele>443.8</ele></trkpt><trkpt lat="47.379617915145495" lon="8.653106928829843"><ele>444.0</ele></trkpt><trkpt lat="47.379617915145495" lon="8.653106928829843"><ele>444.0</ele></trkpt><trkpt lat="47.379533915060705" lon="8.653356928755771"><ele>444.4</ele></trkpt><trkpt lat="47.379533915060705" lon="8.653356928755771"><ele>444.4</ele></trkpt><trkpt lat="47.37946891497571" lon="8.653566928682066"><ele>444.8</ele></trkpt><trkpt lat="47.37946891497571" lon="8.653566928682066"><ele>444.8</ele></trkpt><trkpt lat="47.37942291493337" lon="8.653697928644979"><ele>445.0</ele></trkpt><trkpt lat="47.37942291493337" lon="8.653697928644979"><ele>445.0</ele></trkpt><trkpt lat="47.37929291487038" lon="8.654092928587508"><ele>445.3</ele></trkpt><trkpt lat="47.37929291487038" lon="8.654092928587508"><ele>445.3</ele></trkpt><trkpt lat="47.37913491482909" lon="8.654578928547133"><ele>445.5</ele></trkpt><trkpt lat="47.379004914723325" lon="8.654959928453898"><ele>446.0</ele></trkpt><trkpt lat="47.37894891468109" lon="8.6551439284163"><ele>446.2</ele></trkpt><trkpt lat="47.37890191461734" lon="8.655328928360726"><ele>446.5</ele></trkpt><trkpt lat="47.37879791444726" lon="8.655815928212533"><ele>447.3</ele></trkpt><trkpt lat="47.378711914319794" lon="8.656237928100834"><ele>447.9</ele></trkpt><trkpt lat="47.378711914319794" lon="8.656237928100834"><ele>447.9</ele></trkpt><trkpt lat="47.37854191408618" lon="8.657015927895996"><ele>449.0</ele></trkpt><trkpt lat="47.37854191408618" lon="8.657015927895996"><ele>449.0</ele></trkpt><trkpt lat="47.37852291406499" lon="8.657133927876911"><ele>449.1</ele></trkpt><trkpt lat="47.37845691404421" lon="8.65737092785673"><ele>449.2</ele></trkpt><trkpt lat="47.37841091406608" lon="8.657541927873076"><ele>449.1</ele></trkpt><trkpt lat="47.37833591408816" lon="8.657765927888947"><ele>449.0</ele></trkpt><trkpt lat="47.378270914131555" lon="8.657949927923152"><ele>448.8</ele></trkpt><trkpt lat="47.378270914131555" lon="8.657949927923152"><ele>448.8</ele></trkpt><trkpt lat="47.37823491415322" lon="8.658027927940399"><ele>448.7</ele></trkpt><trkpt lat="47.37818791417506" lon="8.658146927957262"><ele>448.6</ele></trkpt><trkpt lat="47.37814191421827" lon="8.658250927992224"><ele>448.4</ele></trkpt><trkpt lat="47.37806891424034" lon="8.658394928008892"><ele>448.3</ele></trkpt><trkpt lat="47.37806891424034" lon="8.658394928008892"><ele>448.3</ele></trkpt><trkpt lat="47.378050914261834" lon="8.658420928026619"><ele>448.2</ele></trkpt><trkpt lat="47.378050914261834" lon="8.658420928026619"><ele>448.2</ele></trkpt><trkpt lat="47.37799491428372" lon="8.65852592804364"><ele>448.1</ele></trkpt><trkpt lat="47.37782991434936" lon="8.658852928094579"><ele>447.8</ele></trkpt><trkpt lat="47.37769191437196" lon="8.65914192810993"><ele>447.7</ele></trkpt><trkpt lat="47.37759991439415" lon="8.659350928125994"><ele>447.6</ele></trkpt><trkpt lat="47.37750791441641" lon="8.65957392814192"><ele>447.5</ele></trkpt><trkpt lat="47.37741491446002" lon="8.659810928175663"><ele>447.3</ele></trkpt><trkpt lat="47.37741491446002" lon="8.659810928175663"><ele>447.3</ele></trkpt><trkpt lat="47.37722991448313" lon="8.660335928188786"><ele>447.2</ele></trkpt><trkpt lat="47.37713691448394" lon="8.660571928186632"><ele>447.2</ele></trkpt><trkpt lat="47.37705391450611" lon="8.66079592820253"><ele>447.1</ele></trkpt><trkpt lat="47.37696191450694" lon="8.66099192820077"><ele>447.1</ele></trkpt><trkpt lat="47.376850914529285" lon="8.661227928216606"><ele>447.0</ele></trkpt><trkpt lat="47.376740914551704" lon="8.661463928232441"><ele>446.9</ele></trkpt><trkpt lat="47.37659391459575" lon="8.661777928265542"><ele>446.7</ele></trkpt><trkpt lat="47.37659391459575" lon="8.661777928265542"><ele>446.7</ele></trkpt><trkpt lat="47.376409914661544" lon="8.662170928315899"><ele>446.4</ele></trkpt><trkpt lat="47.376409914661544" lon="8.662170928315899"><ele>446.4</ele></trkpt><trkpt lat="47.376344914683536" lon="8.662328928332423"><ele>446.3</ele></trkpt><trkpt lat="47.37623391474867" lon="8.662617928383673"><ele>446.0</ele></trkpt><trkpt lat="47.376196914770375" lon="8.66274892840042"><ele>445.9</ele></trkpt><trkpt lat="47.376196914770375" lon="8.66274892840042"><ele>445.9</ele></trkpt><trkpt lat="47.376139914813685" lon="8.662972928434252"><ele>445.7</ele></trkpt><trkpt lat="47.37609291483553" lon="8.663156928450496"><ele>445.6</ele></trkpt><trkpt lat="47.37604591485741" lon="8.663367928466478"><ele>445.5</ele></trkpt><trkpt lat="47.37604591485741" lon="8.663367928466478"><ele>445.5</ele></trkpt><trkpt lat="47.37599191483643" lon="8.663353928448746"><ele>445.6</ele></trkpt><trkpt lat="47.37599191483643" lon="8.663353928448746"><ele>445.6</ele></trkpt><trkpt lat="47.375972914879384" lon="8.663445928483812"><ele>445.4</ele></trkpt><trkpt lat="47.375953914901" lon="8.663564928500646"><ele>445.3</ele></trkpt><trkpt lat="47.375933914901196" lon="8.663722928499128"><ele>445.3</ele></trkpt><trkpt lat="47.37592391492271" lon="8.663881928515554"><ele>445.2</ele></trkpt><trkpt lat="47.375893914944456" lon="8.664118928531252"><ele>445.1</ele></trkpt><trkpt lat="47.37586491496618" lon="8.664369928546812"><ele>445.0</ele></trkpt><trkpt lat="47.375835914987846" lon="8.664528928563273"><ele>444.9</ele></trkpt><trkpt lat="47.37579791496681" lon="8.664686928543826"><ele>445.0</ele></trkpt><trkpt lat="47.37574291494594" lon="8.664856928524285"><ele>445.1</ele></trkpt><trkpt lat="47.37566891490385" lon="8.665027928486806"><ele>445.3</ele></trkpt><trkpt lat="47.37559491490448" lon="8.665171928485526"><ele>445.3</ele></trkpt><trkpt lat="47.375503914905316" lon="8.665328928484152"><ele>445.3</ele></trkpt><trkpt lat="47.37535691492795" lon="8.665563928500086"><ele>445.2</ele></trkpt><trkpt lat="47.375246915014415" lon="8.665732928570513"><ele>444.8</ele></trkpt><trkpt lat="47.37505491531545" lon="8.66607292881914"><ele>443.4</ele></trkpt><trkpt lat="47.37497191544447" lon="8.666216928925717"><ele>442.8</ele></trkpt><trkpt lat="47.374879915552185" lon="8.666412929013836"><ele>442.3</ele></trkpt><trkpt lat="47.37468691563937" lon="8.666818929082126"><ele>441.9</ele></trkpt><trkpt lat="47.37455891566187" lon="8.66706792909791"><ele>441.8</ele></trkpt><trkpt lat="47.37445791568412" lon="8.667250929114285"><ele>441.7</ele></trkpt><trkpt lat="47.374236915771604" lon="8.667682929182387"><ele>441.3</ele></trkpt><trkpt lat="47.37415391579369" lon="8.667866929198725"><ele>441.2</ele></trkpt><trkpt lat="47.37397791583802" lon="8.668338929230414"><ele>441.0</ele></trkpt><trkpt lat="47.37391391588138" lon="8.668496929264954"><ele>440.8</ele></trkpt><trkpt lat="47.37387691590307" lon="8.668561929282365"><ele>440.7</ele></trkpt><trkpt lat="47.37384091592478" lon="8.668613929299905"><ele>440.6</ele></trkpt><trkpt lat="47.37378591594658" lon="8.668691929317223"><ele>440.5</ele></trkpt><trkpt lat="47.37373091596842" lon="8.668756929334668"><ele>440.4</ele></trkpt><trkpt lat="47.37373091596842" lon="8.668756929334668"><ele>440.4</ele></trkpt><trkpt lat="47.37363991603335" lon="8.668820929388147"><ele>440.1</ele></trkpt><trkpt lat="47.3735769160552" lon="8.668859929405865"><ele>440.0</ele></trkpt><trkpt lat="47.37349591609865" lon="8.66889692944161"><ele>439.8</ele></trkpt><trkpt lat="47.37341491612063" lon="8.668921929459495"><ele>439.7</ele></trkpt><trkpt lat="47.3733149161642" lon="8.668932929495524"><ele>439.5</ele></trkpt><trkpt lat="47.37321691620774" lon="8.668930929531678"><ele>439.3</ele></trkpt><trkpt lat="47.37308191623012" lon="8.668927929549923"><ele>439.2</ele></trkpt><trkpt lat="47.37298291625234" lon="8.668938929567975"><ele>439.1</ele></trkpt><trkpt lat="47.372837916274875" lon="8.668987929585745"><ele>439.0</ele></trkpt><trkpt lat="47.37258491629832" lon="8.66911492960295"><ele>438.9</ele></trkpt><trkpt lat="47.37258491629832" lon="8.66911492960295"><ele>438.9</ele></trkpt><trkpt lat="47.37232291638594" lon="8.669253929673994"><ele>438.5</ele></trkpt><trkpt lat="47.37189691647488" lon="8.669495929744343"><ele>438.1</ele></trkpt><trkpt lat="47.37150791652077" lon="8.66973892977866"><ele>437.9</ele></trkpt><trkpt lat="47.37150791652077" lon="8.66973892977866"><ele>437.9</ele></trkpt><trkpt lat="47.371407916521605" lon="8.669802929778225"><ele>437.9</ele></trkpt><trkpt lat="47.37127191652272" lon="8.669891929777613"><ele>437.9</ele></trkpt><trkpt lat="47.371117916523964" lon="8.670007929776771"><ele>437.9</ele></trkpt><trkpt lat="47.370981916525096" lon="8.670110929776024"><ele>437.9</ele></trkpt><trkpt lat="47.37080991654785" lon="8.670225929793206"><ele>437.8</ele></trkpt><trkpt lat="47.370637916549214" lon="8.670327929792531"><ele>437.8</ele></trkpt><trkpt lat="47.370447916529386" lon="8.670442929773785"><ele>437.9</ele></trkpt><trkpt lat="47.370257916552326" lon="8.670556929791012"><ele>437.8</ele></trkpt><trkpt lat="47.370257916552326" lon="8.670556929791012"><ele>437.8</ele></trkpt><trkpt lat="47.37008591655367" lon="8.670658929790338"><ele>437.8</ele></trkpt><trkpt lat="47.36890091632823" lon="8.671266929588807"><ele>438.9</ele></trkpt><trkpt lat="47.36863791618076" lon="8.671406929462051"><ele>439.6</ele></trkpt><trkpt lat="47.368457916075364" lon="8.671495929371595"><ele>440.1</ele></trkpt><trkpt lat="47.368457916075364" lon="8.671495929371595"><ele>440.1</ele></trkpt><trkpt lat="47.36816791607771" lon="8.671634929370773"><ele>440.1</ele></trkpt><trkpt lat="47.36803191614293" lon="8.671723929424108"><ele>439.8</ele></trkpt><trkpt lat="47.3679419161864" lon="8.671800929459492"><ele>439.6</ele></trkpt><trkpt lat="47.36783191625146" lon="8.67194492951225"><ele>439.3</ele></trkpt><trkpt lat="47.36771291629519" lon="8.672126929546677"><ele>439.1</ele></trkpt><trkpt lat="47.36759391638164" lon="8.672335929616809"><ele>438.7</ele></trkpt><trkpt lat="47.36759391638164" lon="8.672335929616809"><ele>438.7</ele></trkpt><trkpt lat="47.36749291644664" lon="8.67251892966918"><ele>438.4</ele></trkpt><trkpt lat="47.367345916511994" lon="8.672780929720874"><ele>438.1</ele></trkpt><trkpt lat="47.367345916511994" lon="8.672780929720874"><ele>438.1</ele></trkpt><trkpt lat="47.3672819165339" lon="8.672884929737972"><ele>438.0</ele></trkpt><trkpt lat="47.36696191655803" lon="8.673446929751117"><ele>437.9</ele></trkpt><trkpt lat="47.366869916537425" lon="8.673590929731912"><ele>438.0</ele></trkpt><trkpt lat="47.36679691653802" lon="8.673681929731167"><ele>438.0</ele></trkpt><trkpt lat="47.36673291653855" lon="8.673758929730537"><ele>438.0</ele></trkpt><trkpt lat="47.366677916517695" lon="8.673850929711765"><ele>438.1</ele></trkpt><trkpt lat="47.36662391649676" lon="8.673928929693119"><ele>438.2</ele></trkpt><trkpt lat="47.36656891645451" lon="8.673980929656743"><ele>438.4</ele></trkpt><trkpt lat="47.36652391643349" lon="8.674018929638466"><ele>438.5</ele></trkpt><trkpt lat="47.36645091643408" lon="8.674043929638358"><ele>438.5</ele></trkpt><trkpt lat="47.36636091645615" lon="8.674054929656402"><ele>438.4</ele></trkpt><trkpt lat="47.36629791645666" lon="8.674066929656401"><ele>438.4</ele></trkpt><trkpt lat="47.366243916435714" lon="8.674091929638271"><ele>438.5</ele></trkpt><trkpt lat="47.36619891641474" lon="8.674130929619986"><ele>438.6</ele></trkpt><trkpt lat="47.36617091641497" lon="8.674169929619657"><ele>438.6</ele></trkpt><trkpt lat="47.36617091641497" lon="8.674169929619657"><ele>438.6</ele></trkpt><trkpt lat="47.36598791628835" lon="8.674469929509163"><ele>439.2</ele></trkpt><trkpt lat="47.36582291616158" lon="8.674757929398735"><ele>439.8</ele></trkpt><trkpt lat="47.36571291607713" lon="8.674953929325074"><ele>440.2</ele></trkpt><trkpt lat="47.365684916034596" lon="8.675018929288518"><ele>440.4</ele></trkpt><trkpt lat="47.365675915991986" lon="8.67508492925191"><ele>440.6</ele></trkpt><trkpt lat="47.365683915949255" lon="8.675177929215012"><ele>440.8</ele></trkpt><trkpt lat="47.36573491577799" lon="8.675390929068923"><ele>441.6</ele></trkpt><trkpt lat="47.36573491571394" lon="8.675443929014435"><ele>441.9</ele></trkpt><trkpt lat="47.36573391567128" lon="8.675523928977672"><ele>442.1</ele></trkpt><trkpt lat="47.36573391567128" lon="8.675523928977672"><ele>442.1</ele></trkpt><trkpt lat="47.36577791567094" lon="8.675563928977203"><ele>442.1</ele></trkpt><trkpt lat="47.36577791567094" lon="8.675563928977203"><ele>442.1</ele></trkpt><trkpt lat="47.365749915649836" lon="8.675669928958232"><ele>442.2</ele></trkpt><trkpt lat="47.36572191567149" lon="8.675748928975503"><ele>442.1</ele></trkpt><trkpt lat="47.365703915671574" lon="8.675813928974904"><ele>442.1</ele></trkpt><trkpt lat="47.365703915671574" lon="8.675813928974904"><ele>442.1</ele></trkpt><trkpt lat="47.36568291573599" lon="8.676064929026479"><ele>441.8</ele></trkpt><trkpt lat="47.36564991595008" lon="8.676659929200698"><ele>440.8</ele></trkpt><trkpt lat="47.36563891603569" lon="8.676845929270893"><ele>440.4</ele></trkpt><trkpt lat="47.36562891605719" lon="8.67693792928801"><ele>440.3</ele></trkpt><trkpt lat="47.365591916100236" lon="8.677029929323178"><ele>440.1</ele></trkpt><trkpt lat="47.36555491614329" lon="8.677121929358345"><ele>439.9</ele></trkpt><trkpt lat="47.365499916186465" lon="8.677225929393426"><ele>439.7</ele></trkpt><trkpt lat="47.36542691620848" lon="8.67732992941055"><ele>439.6</ele></trkpt><trkpt lat="47.36542691620848" lon="8.67732992941055"><ele>439.6</ele></trkpt><trkpt lat="47.365398916230085" lon="8.67736992942821"><ele>439.5</ele></trkpt><trkpt lat="47.36521691623154" lon="8.677550929426785"><ele>439.5</ele></trkpt><trkpt lat="47.36513491623226" lon="8.677640929426065"><ele>439.5</ele></trkpt><trkpt lat="47.3651079162325" lon="8.677693929425601"><ele>439.5</ele></trkpt><trkpt lat="47.36508891621135" lon="8.677745929407136"><ele>439.6</ele></trkpt><trkpt lat="47.36508891621135" lon="8.677745929407136"><ele>439.6</ele></trkpt><trkpt lat="47.36507991619003" lon="8.67779892938864"><ele>439.7</ele></trkpt><trkpt lat="47.36507891616871" lon="8.677851929370135"><ele>439.8</ele></trkpt></trkseg></trk></gpx>